{"stats":{"minecraft:picked_up":{"minecraft:fishing_rod":5,"minecraft:iron_chestplate":1,"minecraft:crafting_table":9,"minecraft:wooden_pickaxe":1,"minecraft:cooked_rabbit":1,"minecraft:potion":1,"minecraft:string":3,"minecraft:raw_copper":8,"minecraft:iron_leggings":2,"minecraft:pufferfish":17,"minecraft:cobbled_deepslate":1873,"minecraft:spruce_planks":31,"minecraft:beef":2,"minecraft:oak_boat":1,"minecraft:iron_pickaxe":1,"minecraft:sugar_cane":20,"minecraft:furnace":3,"minecraft:iron_boots":1,"minecraft:raw_iron":30,"minecraft:stick":15,"minecraft:oak_fence":5,"minecraft:torch":58,"minecraft:diorite":36,"minecraft:redstone":33,"minecraft:arrow":36,"minecraft:rotten_flesh":20,"minecraft:tropical_fish":1,"minecraft:saddle":1,"minecraft:glow_berries":1,"minecraft:mutton":2,"minecraft:cod":43,"minecraft:white_wool":6,"minecraft:cobblestone":119,"minecraft:oxeye_daisy":2,"minecraft:cooked_beef":7,"minecraft:water_bucket":5,"minecraft:tripwire_hook":1,"minecraft:andesite":42,"minecraft:salmon":19,"minecraft:leather":6,"minecraft:flint":8,"minecraft:crimson_fungus":1,"minecraft:tuff":105,"minecraft:oak_log":94,"minecraft:gunpowder":14,"minecraft:dirt":395,"minecraft:lapis_lazuli":158,"minecraft:cooked_mutton":5,"minecraft:leather_boots":1,"minecraft:bone":51,"minecraft:bow":3,"minecraft:wheat_seeds":14,"minecraft:rabbit_hide":3,"minecraft:iron_ingot":3,"minecraft:rabbit":1,"minecraft:oak_planks":21,"minecraft:iron_sword":2,"minecraft:cooked_porkchop":5,"minecraft:sweet_berries":132,"minecraft:gravel":83,"minecraft:ink_sac":10,"minecraft:diamond":39,"minecraft:stone_axe":2,"minecraft:iron_helmet":1,"minecraft:granite":50,"minecraft:bread":2,"minecraft:coal":98},"minecraft:used":{"minecraft:stone_sword":43,"minecraft:iron_shovel":257,"minecraft:spruce_planks":8,"minecraft:shield":10,"minecraft:iron_sword":113,"minecraft:torch":153,"minecraft:dirt":270,"minecraft:hopper":3,"minecraft:granite":7,"minecraft:iron_axe":132,"minecraft:sweet_berries":90,"minecraft:furnace":4,"minecraft:cooked_cod":20,"minecraft:cooked_beef":2,"minecraft:cobbled_deepslate":133,"minecraft:cooked_mutton":5,"minecraft:water_bucket":32,"minecraft:diorite":12,"minecraft:stone_pickaxe":1624,"minecraft:wooden_pickaxe":21,"minecraft:crafting_table":11,"minecraft:white_bed":1,"minecraft:cod":1,"minecraft:bread":12,"minecraft:iron_pickaxe":195,"minecraft:gravel":1,"minecraft:stone_axe":153,"minecraft:fishing_rod":154,"minecraft:cobblestone":93,"minecraft:cooked_porkchop":5,"minecraft:cooked_rabbit":1,"minecraft:bucket":33,"minecraft:oak_boat":1},"minecraft:dropped":{"minecraft:water_bucket":5,"minecraft:iron_sword":1,"minecraft:wheat_seeds":1,"minecraft:lapis_lazuli":25,"minecraft:oak_fence":5,"minecraft:glow_berries":1,"minecraft:granite":24,"minecraft:stick":2,"minecraft:flint":7,"minecraft:oxeye_daisy":2,"minecraft:dirt":45,"minecraft:string":1,"minecraft:tripwire_hook":1,"minecraft:fishing_rod":3,"minecraft:bone":13,"minecraft:stone_axe":1,"minecraft:sweet_berries":1,"minecraft:sugar_cane":15,"minecraft:raw_copper":8,"minecraft:cobbled_deepslate":43,"minecraft:rotten_flesh":6,"minecraft:rabbit_hide":2,"minecraft:gunpowder":5,"minecraft:spruce_planks":1,"minecraft:andesite":21,"minecraft:wooden_pickaxe":1},"minecraft:crafted":{"minecraft:oak_planks":373,"minecraft:fishing_rod":2,"minecraft:furnace":2,"minecraft:oak_trapdoor":64,"minecraft:hopper":3,"minecraft:iron_boots":1,"minecraft:stone_pickaxe":13,"minecraft:chest":7,"minecraft:cooked_rabbit":1,"minecraft:cooked_beef":2,"minecraft:cooked_cod":20,"minecraft:crafting_table":3,"minecraft:spruce_planks":52,"minecraft:wooden_pickaxe":1,"minecraft:baked_potato":2,"minecraft:iron_helmet":1,"minecraft:bucket":1,"minecraft:stone_axe":2,"minecraft:air":0,"minecraft:iron_chestplate":1,"minecraft:diamond_pickaxe":1,"minecraft:shield":1,"minecraft:stick":80,"minecraft:iron_ingot":43,"minecraft:iron_pickaxe":1,"minecraft:stone_sword":1,"minecraft:iron_shovel":1,"minecraft:iron_leggings":1,"minecraft:torch":112},"minecraft:mined":{"minecraft:tuff":116,"minecraft:spruce_planks":8,"minecraft:deepslate_diamond_ore":27,"minecraft:granite":15,"minecraft:grass_block":286,"minecraft:spruce_leaves":2,"minecraft:furnace":2,"minecraft:iron_ore":14,"minecraft:cobbled_deepslate":25,"minecraft:andesite":21,"minecraft:deepslate_lapis_ore":12,"minecraft:cave_vines":1,"minecraft:deepslate_iron_ore":16,"minecraft:rail":1,"minecraft:stone":102,"minecraft:deepslate_redstone_ore":10,"minecraft:oak_fence":3,"minecraft:crafting_table":9,"minecraft:torch":15,"minecraft:short_grass":25,"minecraft:tall_grass":1,"minecraft:copper_ore":2,"minecraft:cobblestone":13,"minecraft:oak_planks":1,"minecraft:diorite":20,"minecraft:wall_torch":31,"minecraft:sweet_berry_bush":29,"minecraft:bee_nest":1,"minecraft:oak_log":96,"minecraft:coal_ore":40,"minecraft:gravel":28,"minecraft:dirt":12,"minecraft:cobweb":21,"minecraft:oak_leaves":9,"minecraft:deepslate":1340,"minecraft:fern":2},"minecraft:killed":{"minecraft:cave_spider":5,"minecraft:spider":7,"minecraft:skeleton":22,"minecraft:drowned":1,"minecraft:pig":3,"minecraft:creeper":6,"minecraft:sheep":1,"minecraft:zombie":16,"minecraft:cow":3},"minecraft:custom":{"minecraft:mob_kills":78,"minecraft:interact_with_anvil":2,"minecraft:interact_with_crafting_table":34,"minecraft:bell_ring":10,"minecraft:leave_game":4,"minecraft:time_since_death":265091,"minecraft:sprint_one_cm":493410,"minecraft:walk_one_cm":935595,"minecraft:damage_blocked_by_shield":285,"minecraft:drop":56,"minecraft:talked_to_villager":21,"minecraft:play_time":378786,"minecraft:deaths":1,"minecraft:sneak_time":12560,"minecraft:walk_under_water_one_cm":41413,"minecraft:boat_one_cm":135837,"minecraft:jump":3568,"minecraft:walk_on_water_one_cm":50701,"minecraft:total_world_time":378786,"minecraft:interact_with_furnace":21,"minecraft:sleep_in_bed":8,"minecraft:time_since_rest":40481,"minecraft:damage_taken":3093,"minecraft:damage_dealt":14048,"minecraft:swim_one_cm":4589,"minecraft:fly_one_cm":639093,"minecraft:open_chest":72,"minecraft:crouch_one_cm":34475,"minecraft:fish_caught":82,"minecraft:fall_one_cm":50704,"minecraft:horse_one_cm":80133},"minecraft:broken":{"minecraft:iron_shovel":1,"minecraft:stone_pickaxe":12,"minecraft:stone_axe":2,"minecraft:fishing_rod":1}},"DataVersion":3955}