{"stats":{"minecraft:picked_up":{"minecraft:crafting_table":9,"minecraft:iron_chestplate":1,"minecraft:salmon":10,"minecraft:andesite":42,"minecraft:wooden_pickaxe":1,"minecraft:cooked_rabbit":1,"minecraft:potion":1,"minecraft:flint":8,"minecraft:tuff":105,"minecraft:gunpowder":10,"minecraft:string":1,"minecraft:lapis_lazuli":158,"minecraft:dirt":70,"minecraft:raw_copper":8,"minecraft:iron_leggings":2,"minecraft:pufferfish":9,"minecraft:bone":30,"minecraft:wheat_seeds":3,"minecraft:cobbled_deepslate":1871,"minecraft:spruce_planks":31,"minecraft:rabbit_hide":3,"minecraft:beef":2,"minecraft:iron_pickaxe":1,"minecraft:rabbit":1,"minecraft:sugar_cane":20,"minecraft:oak_planks":1,"minecraft:iron_boots":1,"minecraft:furnace":3,"minecraft:stick":15,"minecraft:raw_iron":30,"minecraft:sweet_berries":130,"minecraft:oak_fence":5,"minecraft:torch":57,"minecraft:gravel":83,"minecraft:ink_sac":10,"minecraft:diorite":32,"minecraft:redstone":33,"minecraft:arrow":18,"minecraft:rotten_flesh":8,"minecraft:diamond":39,"minecraft:stone_axe":2,"minecraft:iron_helmet":1,"minecraft:granite":50,"minecraft:saddle":1,"minecraft:bread":2,"minecraft:cod":22,"minecraft:glow_berries":1,"minecraft:coal":95,"minecraft:cobblestone":119},"minecraft:used":{"minecraft:diorite":4,"minecraft:stone_sword":43,"minecraft:stone_pickaxe":1624,"minecraft:spruce_planks":8,"minecraft:wooden_pickaxe":21,"minecraft:torch":152,"minecraft:dirt":10,"minecraft:crafting_table":10,"minecraft:white_bed":1,"minecraft:cod":1,"minecraft:granite":7,"minecraft:iron_axe":8,"minecraft:bread":12,"minecraft:iron_pickaxe":191,"minecraft:gravel":1,"minecraft:stone_axe":153,"minecraft:fishing_rod":68,"minecraft:cobblestone":93,"minecraft:sweet_berries":89,"minecraft:cooked_cod":7,"minecraft:furnace":4,"minecraft:cooked_rabbit":1,"minecraft:cooked_beef":2,"minecraft:cobbled_deepslate":129},"minecraft:dropped":{"minecraft:stone_axe":1,"minecraft:sugar_cane":15,"minecraft:wheat_seeds":1,"minecraft:lapis_lazuli":25,"minecraft:cobbled_deepslate":43,"minecraft:raw_copper":8,"minecraft:oak_fence":4,"minecraft:rotten_flesh":6,"minecraft:glow_berries":1,"minecraft:granite":24,"minecraft:stick":2,"minecraft:flint":7,"minecraft:rabbit_hide":2,"minecraft:dirt":45,"minecraft:gunpowder":5,"minecraft:andesite":21,"minecraft:wooden_pickaxe":1,"minecraft:bone":13},"minecraft:mined":{"minecraft:deepslate_redstone_ore":10,"minecraft:tuff":116,"minecraft:spruce_planks":8,"minecraft:deepslate_diamond_ore":27,"minecraft:oak_fence":3,"minecraft:crafting_table":9,"minecraft:torch":15,"minecraft:granite":15,"minecraft:short_grass":4,"minecraft:grass_block":7,"minecraft:copper_ore":2,"minecraft:cobblestone":13,"minecraft:spruce_leaves":2,"minecraft:oak_planks":1,"minecraft:diorite":16,"minecraft:wall_torch":31,"minecraft:furnace":2,"minecraft:iron_ore":14,"minecraft:cobbled_deepslate":25,"minecraft:sweet_berry_bush":28,"minecraft:andesite":21,"minecraft:deepslate_lapis_ore":12,"minecraft:coal_ore":40,"minecraft:cave_vines":1,"minecraft:deepslate_iron_ore":16,"minecraft:rail":1,"minecraft:gravel":28,"minecraft:dirt":3,"minecraft:cobweb":21,"minecraft:stone":102,"minecraft:deepslate":1340,"minecraft:fern":2},"minecraft:crafted":{"minecraft:cooked_beef":2,"minecraft:cooked_cod":20,"minecraft:fishing_rod":1,"minecraft:crafting_table":2,"minecraft:spruce_planks":52,"minecraft:wooden_pickaxe":1,"minecraft:iron_helmet":1,"minecraft:furnace":2,"minecraft:stone_axe":2,"minecraft:air":0,"minecraft:diamond_pickaxe":1,"minecraft:iron_chestplate":1,"minecraft:iron_boots":1,"minecraft:stick":76,"minecraft:iron_ingot":27,"minecraft:iron_pickaxe":1,"minecraft:stone_pickaxe":13,"minecraft:stone_sword":1,"minecraft:iron_leggings":1,"minecraft:torch":112,"minecraft:cooked_rabbit":1},"minecraft:killed":{"minecraft:cave_spider":5,"minecraft:spider":4,"minecraft:creeper":3,"minecraft:skeleton":9,"minecraft:zombie":8,"minecraft:cow":1},"minecraft:custom":{"minecraft:interact_with_furnace":18,"minecraft:mob_kills":32,"minecraft:interact_with_crafting_table":22,"minecraft:bell_ring":10,"minecraft:leave_game":4,"minecraft:time_since_death":151091,"minecraft:sleep_in_bed":3,"minecraft:time_since_rest":12871,"minecraft:sprint_one_cm":259528,"minecraft:damage_taken":1963,"minecraft:walk_one_cm":678492,"minecraft:drop":40,"minecraft:damage_dealt":6843,"minecraft:swim_one_cm":4589,"minecraft:talked_to_villager":11,"minecraft:fly_one_cm":245680,"minecraft:open_chest":38,"minecraft:crouch_one_cm":17887,"minecraft:play_time":264786,"minecraft:deaths":1,"minecraft:sneak_time":9118,"minecraft:walk_under_water_one_cm":33441,"minecraft:boat_one_cm":125874,"minecraft:jump":1958,"minecraft:walk_on_water_one_cm":35616,"minecraft:total_world_time":264786,"minecraft:fish_caught":43,"minecraft:fall_one_cm":23966},"minecraft:broken":{"minecraft:stone_pickaxe":12,"minecraft:stone_axe":2,"minecraft:fishing_rod":1}},"DataVersion":3955}