{"stats":{"minecraft:picked_up":{"minecraft:fishing_rod":5,"minecraft:iron_chestplate":1,"minecraft:crafting_table":9,"minecraft:wooden_pickaxe":1,"minecraft:cooked_rabbit":1,"minecraft:potion":1,"minecraft:string":2,"minecraft:raw_copper":8,"minecraft:iron_leggings":2,"minecraft:pufferfish":17,"minecraft:cobbled_deepslate":1873,"minecraft:spruce_planks":31,"minecraft:beef":2,"minecraft:oak_boat":1,"minecraft:iron_pickaxe":1,"minecraft:sugar_cane":20,"minecraft:furnace":3,"minecraft:iron_boots":1,"minecraft:raw_iron":30,"minecraft:stick":15,"minecraft:oak_fence":5,"minecraft:torch":58,"minecraft:diorite":36,"minecraft:redstone":33,"minecraft:arrow":33,"minecraft:rotten_flesh":14,"minecraft:tropical_fish":1,"minecraft:saddle":1,"minecraft:glow_berries":1,"minecraft:mutton":1,"minecraft:cod":43,"minecraft:white_wool":5,"minecraft:cobblestone":119,"minecraft:oxeye_daisy":1,"minecraft:cooked_beef":2,"minecraft:water_bucket":5,"minecraft:tripwire_hook":1,"minecraft:andesite":42,"minecraft:salmon":19,"minecraft:leather":3,"minecraft:flint":8,"minecraft:crimson_fungus":1,"minecraft:tuff":105,"minecraft:oak_log":59,"minecraft:gunpowder":14,"minecraft:dirt":70,"minecraft:lapis_lazuli":158,"minecraft:cooked_mutton":5,"minecraft:leather_boots":1,"minecraft:bone":48,"minecraft:bow":3,"minecraft:wheat_seeds":5,"minecraft:rabbit_hide":3,"minecraft:iron_ingot":3,"minecraft:rabbit":1,"minecraft:oak_planks":18,"minecraft:iron_sword":2,"minecraft:cooked_porkchop":5,"minecraft:sweet_berries":132,"minecraft:gravel":83,"minecraft:ink_sac":10,"minecraft:diamond":39,"minecraft:stone_axe":2,"minecraft:iron_helmet":1,"minecraft:granite":50,"minecraft:bread":2,"minecraft:coal":98},"minecraft:used":{"minecraft:stone_sword":43,"minecraft:spruce_planks":8,"minecraft:shield":4,"minecraft:iron_sword":86,"minecraft:torch":153,"minecraft:dirt":10,"minecraft:hopper":3,"minecraft:granite":7,"minecraft:iron_axe":95,"minecraft:sweet_berries":90,"minecraft:furnace":4,"minecraft:cooked_cod":20,"minecraft:cooked_beef":2,"minecraft:cobbled_deepslate":133,"minecraft:cooked_mutton":5,"minecraft:water_bucket":32,"minecraft:diorite":12,"minecraft:stone_pickaxe":1624,"minecraft:wooden_pickaxe":21,"minecraft:crafting_table":10,"minecraft:white_bed":1,"minecraft:cod":1,"minecraft:bread":12,"minecraft:iron_pickaxe":195,"minecraft:gravel":1,"minecraft:stone_axe":153,"minecraft:fishing_rod":154,"minecraft:cobblestone":93,"minecraft:cooked_porkchop":1,"minecraft:cooked_rabbit":1,"minecraft:bucket":33,"minecraft:oak_boat":1},"minecraft:dropped":{"minecraft:water_bucket":5,"minecraft:iron_sword":1,"minecraft:wheat_seeds":1,"minecraft:lapis_lazuli":25,"minecraft:oak_fence":5,"minecraft:glow_berries":1,"minecraft:granite":24,"minecraft:stick":2,"minecraft:flint":7,"minecraft:dirt":45,"minecraft:tripwire_hook":1,"minecraft:fishing_rod":3,"minecraft:bone":13,"minecraft:stone_axe":1,"minecraft:sugar_cane":15,"minecraft:raw_copper":8,"minecraft:cobbled_deepslate":43,"minecraft:rotten_flesh":6,"minecraft:rabbit_hide":2,"minecraft:gunpowder":5,"minecraft:spruce_planks":1,"minecraft:andesite":21,"minecraft:wooden_pickaxe":1},"minecraft:crafted":{"minecraft:oak_planks":232,"minecraft:fishing_rod":2,"minecraft:furnace":2,"minecraft:oak_trapdoor":64,"minecraft:hopper":3,"minecraft:iron_boots":1,"minecraft:stone_pickaxe":13,"minecraft:chest":4,"minecraft:cooked_rabbit":1,"minecraft:cooked_beef":2,"minecraft:cooked_cod":20,"minecraft:crafting_table":2,"minecraft:spruce_planks":52,"minecraft:wooden_pickaxe":1,"minecraft:baked_potato":2,"minecraft:iron_helmet":1,"minecraft:bucket":1,"minecraft:stone_axe":2,"minecraft:air":0,"minecraft:iron_chestplate":1,"minecraft:diamond_pickaxe":1,"minecraft:shield":1,"minecraft:stick":76,"minecraft:iron_ingot":43,"minecraft:iron_pickaxe":1,"minecraft:stone_sword":1,"minecraft:iron_leggings":1,"minecraft:torch":112},"minecraft:mined":{"minecraft:tuff":116,"minecraft:spruce_planks":8,"minecraft:deepslate_diamond_ore":27,"minecraft:granite":15,"minecraft:grass_block":7,"minecraft:spruce_leaves":2,"minecraft:furnace":2,"minecraft:iron_ore":14,"minecraft:cobbled_deepslate":25,"minecraft:andesite":21,"minecraft:deepslate_lapis_ore":12,"minecraft:cave_vines":1,"minecraft:deepslate_iron_ore":16,"minecraft:rail":1,"minecraft:stone":102,"minecraft:deepslate_redstone_ore":10,"minecraft:oak_fence":3,"minecraft:crafting_table":9,"minecraft:torch":15,"minecraft:short_grass":13,"minecraft:tall_grass":1,"minecraft:copper_ore":2,"minecraft:cobblestone":13,"minecraft:oak_planks":1,"minecraft:diorite":20,"minecraft:wall_torch":31,"minecraft:sweet_berry_bush":29,"minecraft:bee_nest":1,"minecraft:oak_log":61,"minecraft:coal_ore":40,"minecraft:gravel":28,"minecraft:dirt":3,"minecraft:cobweb":21,"minecraft:oak_leaves":8,"minecraft:deepslate":1340,"minecraft:fern":2},"minecraft:killed":{"minecraft:cave_spider":5,"minecraft:spider":6,"minecraft:skeleton":21,"minecraft:drowned":1,"minecraft:pig":3,"minecraft:creeper":6,"minecraft:sheep":1,"minecraft:zombie":12,"minecraft:cow":2},"minecraft:custom":{"minecraft:mob_kills":66,"minecraft:interact_with_anvil":2,"minecraft:interact_with_crafting_table":31,"minecraft:bell_ring":10,"minecraft:leave_game":4,"minecraft:time_since_death":241091,"minecraft:sprint_one_cm":438189,"minecraft:walk_one_cm":834984,"minecraft:damage_blocked_by_shield":120,"minecraft:drop":52,"minecraft:talked_to_villager":21,"minecraft:play_time":354786,"minecraft:deaths":1,"minecraft:sneak_time":10112,"minecraft:walk_under_water_one_cm":41413,"minecraft:boat_one_cm":135837,"minecraft:jump":3184,"minecraft:walk_on_water_one_cm":49863,"minecraft:total_world_time":354786,"minecraft:interact_with_furnace":21,"minecraft:sleep_in_bed":8,"minecraft:time_since_rest":16481,"minecraft:damage_taken":2649,"minecraft:damage_dealt":12377,"minecraft:swim_one_cm":4589,"minecraft:fly_one_cm":541238,"minecraft:open_chest":65,"minecraft:crouch_one_cm":20475,"minecraft:fish_caught":82,"minecraft:fall_one_cm":43294},"minecraft:broken":{"minecraft:stone_pickaxe":12,"minecraft:stone_axe":2,"minecraft:fishing_rod":1}},"DataVersion":3955}