{"stats":{"minecraft:killed":{"minecraft:skeleton":1,"minecraft:zombie":2,"minecraft:creeper":2},"minecraft:picked_up":{"minecraft:sweet_berries":57,"minecraft:andesite":17,"minecraft:torch":8,"minecraft:gravel":4,"minecraft:gunpowder":3,"minecraft:dirt":21,"minecraft:raw_copper":5,"minecraft:bone":3,"minecraft:arrow":1,"minecraft:rotten_flesh":1,"minecraft:wheat_seeds":1,"minecraft:spruce_planks":8,"minecraft:rabbit_hide":1,"minecraft:granite":9,"minecraft:bread":2,"minecraft:rabbit":1,"minecraft:sugar_cane":5,"minecraft:coal":36,"minecraft:cobblestone":74},"minecraft:mined":{"minecraft:spruce_planks":8,"minecraft:sweet_berry_bush":22,"minecraft:andesite":17,"minecraft:torch":1,"minecraft:granite":9,"minecraft:grass_block":4,"minecraft:coal_ore":37,"minecraft:gravel":1,"minecraft:dirt":3,"minecraft:copper_ore":1,"minecraft:cobblestone":5,"minecraft:spruce_leaves":2,"minecraft:stone":67,"minecraft:wall_torch":6,"minecraft:fern":2},"minecraft:used":{"minecraft:bread":9,"minecraft:stone_pickaxe":120,"minecraft:spruce_planks":8,"minecraft:wooden_pickaxe":21,"minecraft:stone_axe":40,"minecraft:torch":13,"minecraft:dirt":7,"minecraft:cobblestone":24,"minecraft:sweet_berries":13,"minecraft:furnace":1},"minecraft:custom":{"minecraft:time_since_rest":21380,"minecraft:interact_with_furnace":2,"minecraft:sprint_one_cm":60084,"minecraft:damage_taken":707,"minecraft:walk_one_cm":162975,"minecraft:mob_kills":6,"minecraft:damage_dealt":1357,"minecraft:swim_one_cm":2172,"minecraft:talked_to_villager":2,"minecraft:interact_with_crafting_table":3,"minecraft:fly_one_cm":73386,"minecraft:open_chest":14,"minecraft:crouch_one_cm":3716,"minecraft:play_time":35928,"minecraft:sneak_time":1709,"minecraft:bell_ring":10,"minecraft:walk_under_water_one_cm":7738,"minecraft:boat_one_cm":90450,"minecraft:jump":571,"minecraft:walk_on_water_one_cm":7584,"minecraft:time_since_death":35928,"minecraft:sleep_in_bed":1,"minecraft:total_world_time":35928,"minecraft:fall_one_cm":8153},"minecraft:crafted":{"minecraft:spruce_planks":52,"minecraft:stick":12,"minecraft:wooden_pickaxe":1,"minecraft:stone_pickaxe":1,"minecraft:furnace":1,"minecraft:torch":12,"minecraft:stone_axe":1,"minecraft:cooked_rabbit":1}},"DataVersion":3955}