{"stats":{"minecraft:killed":{"minecraft:skeleton":1,"minecraft:zombie":2,"minecraft:creeper":2},"minecraft:picked_up":{"minecraft:raw_iron":10,"minecraft:sweet_berries":65,"minecraft:andesite":21,"minecraft:torch":10,"minecraft:gravel":4,"minecraft:diorite":16,"minecraft:gunpowder":3,"minecraft:dirt":22,"minecraft:raw_copper":8,"minecraft:bone":3,"minecraft:arrow":1,"minecraft:rotten_flesh":2,"minecraft:wheat_seeds":1,"minecraft:cobbled_deepslate":1,"minecraft:spruce_planks":8,"minecraft:rabbit_hide":1,"minecraft:granite":19,"minecraft:bread":2,"minecraft:rabbit":1,"minecraft:sugar_cane":5,"minecraft:glow_berries":1,"minecraft:coal":40,"minecraft:cobblestone":105},"minecraft:mined":{"minecraft:spruce_planks":8,"minecraft:iron_ore":10,"minecraft:sweet_berry_bush":25,"minecraft:andesite":21,"minecraft:torch":1,"minecraft:granite":14,"minecraft:cave_vines":1,"minecraft:grass_block":4,"minecraft:coal_ore":40,"minecraft:gravel":1,"minecraft:dirt":3,"minecraft:copper_ore":2,"minecraft:cobblestone":5,"minecraft:spruce_leaves":2,"minecraft:stone":96,"minecraft:diorite":16,"minecraft:deepslate":1,"minecraft:wall_torch":8,"minecraft:fern":2},"minecraft:used":{"minecraft:bread":11,"minecraft:stone_pickaxe":191,"minecraft:spruce_planks":8,"minecraft:wooden_pickaxe":21,"minecraft:stone_axe":46,"minecraft:torch":21,"minecraft:dirt":7,"minecraft:cobblestone":45,"minecraft:sweet_berries":13,"minecraft:furnace":1},"minecraft:custom":{"minecraft:time_since_rest":33380,"minecraft:interact_with_furnace":2,"minecraft:sprint_one_cm":86934,"minecraft:damage_taken":737,"minecraft:walk_one_cm":208648,"minecraft:mob_kills":7,"minecraft:damage_dealt":1414,"minecraft:swim_one_cm":2172,"minecraft:talked_to_villager":3,"minecraft:interact_with_crafting_table":4,"minecraft:fly_one_cm":97983,"minecraft:open_chest":16,"minecraft:crouch_one_cm":3838,"minecraft:play_time":47928,"minecraft:sneak_time":1848,"minecraft:bell_ring":10,"minecraft:walk_under_water_one_cm":10789,"minecraft:boat_one_cm":90450,"minecraft:jump":877,"minecraft:walk_on_water_one_cm":13451,"minecraft:time_since_death":47928,"minecraft:sleep_in_bed":1,"minecraft:total_world_time":47928,"minecraft:fall_one_cm":13063},"minecraft:crafted":{"minecraft:spruce_planks":52,"minecraft:stick":20,"minecraft:wooden_pickaxe":1,"minecraft:stone_pickaxe":5,"minecraft:furnace":1,"minecraft:torch":12,"minecraft:stone_axe":1,"minecraft:cooked_rabbit":1},"minecraft:broken":{"minecraft:stone_pickaxe":1}},"DataVersion":3955}