{"stats":{"minecraft:killed":{"minecraft:skeleton":5,"minecraft:zombie":4,"minecraft:creeper":2},"minecraft:picked_up":{"minecraft:raw_iron":17,"minecraft:sweet_berries":65,"minecraft:andesite":21,"minecraft:torch":14,"minecraft:gravel":20,"minecraft:tuff":2,"minecraft:diorite":16,"minecraft:gunpowder":3,"minecraft:dirt":22,"minecraft:raw_copper":8,"minecraft:bone":10,"minecraft:arrow":7,"minecraft:rotten_flesh":4,"minecraft:wheat_seeds":1,"minecraft:cobbled_deepslate":81,"minecraft:spruce_planks":8,"minecraft:rabbit_hide":1,"minecraft:granite":19,"minecraft:bread":2,"minecraft:rabbit":1,"minecraft:sugar_cane":5,"minecraft:glow_berries":1,"minecraft:coal":40,"minecraft:cobblestone":117},"minecraft:mined":{"minecraft:tuff":2,"minecraft:spruce_planks":8,"minecraft:iron_ore":14,"minecraft:sweet_berry_bush":25,"minecraft:andesite":21,"minecraft:torch":4,"minecraft:granite":14,"minecraft:deepslate_iron_ore":3,"minecraft:cave_vines":1,"minecraft:grass_block":4,"minecraft:coal_ore":40,"minecraft:gravel":12,"minecraft:dirt":3,"minecraft:copper_ore":2,"minecraft:cobblestone":11,"minecraft:spruce_leaves":2,"minecraft:stone":102,"minecraft:diorite":16,"minecraft:deepslate":81,"minecraft:wall_torch":9,"minecraft:fern":2},"minecraft:used":{"minecraft:bread":12,"minecraft:stone_pickaxe":306,"minecraft:spruce_planks":8,"minecraft:wooden_pickaxe":21,"minecraft:stone_axe":75,"minecraft:torch":35,"minecraft:dirt":7,"minecraft:cobblestone":54,"minecraft:sweet_berries":20,"minecraft:furnace":1},"minecraft:custom":{"minecraft:time_since_rest":45380,"minecraft:interact_with_furnace":2,"minecraft:sprint_one_cm":92800,"minecraft:damage_taken":917,"minecraft:walk_one_cm":250656,"minecraft:mob_kills":13,"minecraft:damage_dealt":2612,"minecraft:swim_one_cm":2172,"minecraft:talked_to_villager":3,"minecraft:interact_with_crafting_table":4,"minecraft:fly_one_cm":103647,"minecraft:open_chest":16,"minecraft:crouch_one_cm":4004,"minecraft:play_time":59928,"minecraft:sneak_time":2086,"minecraft:bell_ring":10,"minecraft:walk_under_water_one_cm":10789,"minecraft:boat_one_cm":90450,"minecraft:jump":995,"minecraft:walk_on_water_one_cm":13919,"minecraft:time_since_death":59928,"minecraft:sleep_in_bed":1,"minecraft:total_world_time":59928,"minecraft:fall_one_cm":14929},"minecraft:crafted":{"minecraft:spruce_planks":52,"minecraft:stick":20,"minecraft:wooden_pickaxe":1,"minecraft:stone_pickaxe":5,"minecraft:furnace":1,"minecraft:torch":24,"minecraft:stone_axe":1,"minecraft:cooked_rabbit":1},"minecraft:broken":{"minecraft:stone_pickaxe":2,"minecraft:stone_axe":1}},"DataVersion":3955}