{"stats":{"minecraft:dropped":{"minecraft:wheat_seeds":1,"minecraft:cobbled_deepslate":29,"minecraft:glow_berries":1},"minecraft:custom":{"minecraft:interact_with_furnace":4,"minecraft:mob_kills":14,"minecraft:interact_with_crafting_table":8,"minecraft:bell_ring":10,"minecraft:time_since_death":89111,"minecraft:leave_game":2,"minecraft:sleep_in_bed":1,"minecraft:time_since_rest":74563,"minecraft:sprint_one_cm":96162,"minecraft:damage_taken":960,"minecraft:walk_one_cm":317847,"minecraft:drop":3,"minecraft:damage_dealt":2947,"minecraft:swim_one_cm":2172,"minecraft:talked_to_villager":3,"minecraft:fly_one_cm":106360,"minecraft:open_chest":16,"minecraft:crouch_one_cm":4925,"minecraft:play_time":89111,"minecraft:sneak_time":2470,"minecraft:walk_under_water_one_cm":10789,"minecraft:boat_one_cm":90450,"minecraft:jump":1117,"minecraft:walk_on_water_one_cm":14243,"minecraft:total_world_time":89111,"minecraft:fall_one_cm":15473},"minecraft:crafted":{"minecraft:crafting_table":1,"minecraft:spruce_planks":52,"minecraft:wooden_pickaxe":1,"minecraft:furnace":2,"minecraft:stone_axe":2,"minecraft:stick":36,"minecraft:iron_ingot":8,"minecraft:iron_pickaxe":1,"minecraft:stone_pickaxe":6,"minecraft:torch":40,"minecraft:cooked_rabbit":1},"minecraft:mined":{"minecraft:tuff":19,"minecraft:spruce_planks":8,"minecraft:deepslate_diamond_ore":11,"minecraft:crafting_table":3,"minecraft:torch":5,"minecraft:granite":14,"minecraft:grass_block":4,"minecraft:copper_ore":2,"minecraft:cobblestone":11,"minecraft:spruce_leaves":2,"minecraft:diorite":16,"minecraft:wall_torch":12,"minecraft:furnace":1,"minecraft:iron_ore":14,"minecraft:sweet_berry_bush":25,"minecraft:andesite":21,"minecraft:deepslate_lapis_ore":6,"minecraft:coal_ore":40,"minecraft:cave_vines":1,"minecraft:deepslate_iron_ore":13,"minecraft:dirt":3,"minecraft:gravel":12,"minecraft:stone":102,"minecraft:deepslate":431,"minecraft:fern":2},"minecraft:broken":{"minecraft:stone_pickaxe":5,"minecraft:stone_axe":1},"minecraft:used":{"minecraft:stone_pickaxe":690,"minecraft:spruce_planks":8,"minecraft:wooden_pickaxe":21,"minecraft:torch":58,"minecraft:dirt":7,"minecraft:crafting_table":3,"minecraft:bread":12,"minecraft:iron_pickaxe":14,"minecraft:stone_axe":84,"minecraft:cobblestone":69,"minecraft:sweet_berries":27,"minecraft:furnace":2},"minecraft:killed":{"minecraft:creeper":3,"minecraft:skeleton":5,"minecraft:zombie":4},"minecraft:picked_up":{"minecraft:crafting_table":3,"minecraft:andesite":21,"minecraft:tuff":19,"minecraft:gunpowder":5,"minecraft:lapis_lazuli":43,"minecraft:dirt":22,"minecraft:raw_copper":8,"minecraft:bone":10,"minecraft:wheat_seeds":1,"minecraft:cobbled_deepslate":455,"minecraft:spruce_planks":8,"minecraft:rabbit_hide":1,"minecraft:rabbit":1,"minecraft:sugar_cane":5,"minecraft:furnace":1,"minecraft:raw_iron":27,"minecraft:sweet_berries":65,"minecraft:torch":18,"minecraft:gravel":20,"minecraft:diorite":16,"minecraft:arrow":7,"minecraft:rotten_flesh":4,"minecraft:diamond":11,"minecraft:granite":19,"minecraft:bread":2,"minecraft:glow_berries":1,"minecraft:coal":40,"minecraft:cobblestone":117}},"DataVersion":3955}