{"stats":{"minecraft:picked_up":{"minecraft:sweet_berries":57,"minecraft:wheat_seeds":1,"minecraft:rabbit_hide":1,"minecraft:bread":2,"minecraft:rabbit":1,"minecraft:sugar_cane":5},"minecraft:mined":{"minecraft:sweet_berry_bush":22,"minecraft:spruce_leaves":2,"minecraft:fern":2},"minecraft:used":{"minecraft:sweet_berries":6,"minecraft:bread":1},"minecraft:custom":{"minecraft:time_since_rest":11928,"minecraft:open_chest":6,"minecraft:crouch_one_cm":581,"minecraft:play_time":11928,"minecraft:sprint_one_cm":39610,"minecraft:damage_taken":100,"minecraft:walk_one_cm":69033,"minecraft:sneak_time":109,"minecraft:walk_under_water_one_cm":4610,"minecraft:boat_one_cm":90450,"minecraft:jump":262,"minecraft:time_since_death":11928,"minecraft:walk_on_water_one_cm":3565,"minecraft:total_world_time":11928,"minecraft:talked_to_villager":1,"minecraft:swim_one_cm":2172,"minecraft:fall_one_cm":4616,"minecraft:fly_one_cm":54572}},"DataVersion":3955}