{"stats":{"minecraft:custom":{"minecraft:interact_with_furnace":2,"minecraft:mob_kills":14,"minecraft:interact_with_crafting_table":5,"minecraft:bell_ring":10,"minecraft:time_since_death":71494,"minecraft:leave_game":1,"minecraft:sleep_in_bed":1,"minecraft:time_since_rest":56946,"minecraft:sprint_one_cm":94562,"minecraft:damage_taken":960,"minecraft:walk_one_cm":283168,"minecraft:damage_dealt":2947,"minecraft:swim_one_cm":2172,"minecraft:talked_to_villager":3,"minecraft:fly_one_cm":105955,"minecraft:open_chest":16,"minecraft:crouch_one_cm":4148,"minecraft:play_time":71494,"minecraft:sneak_time":2320,"minecraft:walk_under_water_one_cm":10789,"minecraft:boat_one_cm":90450,"minecraft:jump":1097,"minecraft:walk_on_water_one_cm":14243,"minecraft:total_world_time":71494,"minecraft:fall_one_cm":15473},"minecraft:crafted":{"minecraft:crafting_table":1,"minecraft:spruce_planks":52,"minecraft:wooden_pickaxe":1,"minecraft:furnace":1,"minecraft:stone_axe":2,"minecraft:stick":36,"minecraft:stone_pickaxe":5,"minecraft:torch":40,"minecraft:cooked_rabbit":1},"minecraft:mined":{"minecraft:tuff":8,"minecraft:spruce_planks":8,"minecraft:crafting_table":1,"minecraft:torch":5,"minecraft:granite":14,"minecraft:grass_block":4,"minecraft:copper_ore":2,"minecraft:cobblestone":11,"minecraft:spruce_leaves":2,"minecraft:diorite":16,"minecraft:wall_torch":10,"minecraft:iron_ore":14,"minecraft:sweet_berry_bush":25,"minecraft:andesite":21,"minecraft:deepslate_lapis_ore":6,"minecraft:coal_ore":40,"minecraft:cave_vines":1,"minecraft:deepslate_iron_ore":13,"minecraft:dirt":3,"minecraft:gravel":12,"minecraft:stone":102,"minecraft:deepslate":196,"minecraft:fern":2},"minecraft:broken":{"minecraft:stone_pickaxe":3,"minecraft:stone_axe":1},"minecraft:used":{"minecraft:stone_pickaxe":444,"minecraft:spruce_planks":8,"minecraft:wooden_pickaxe":21,"minecraft:torch":45,"minecraft:dirt":7,"minecraft:crafting_table":1,"minecraft:bread":12,"minecraft:stone_axe":82,"minecraft:cobblestone":60,"minecraft:sweet_berries":27,"minecraft:furnace":1},"minecraft:killed":{"minecraft:creeper":3,"minecraft:skeleton":5,"minecraft:zombie":4},"minecraft:picked_up":{"minecraft:crafting_table":1,"minecraft:andesite":21,"minecraft:tuff":8,"minecraft:gunpowder":5,"minecraft:lapis_lazuli":43,"minecraft:dirt":22,"minecraft:raw_copper":8,"minecraft:bone":10,"minecraft:wheat_seeds":1,"minecraft:cobbled_deepslate":196,"minecraft:spruce_planks":8,"minecraft:rabbit_hide":1,"minecraft:rabbit":1,"minecraft:sugar_cane":5,"minecraft:raw_iron":27,"minecraft:sweet_berries":65,"minecraft:torch":16,"minecraft:gravel":20,"minecraft:diorite":16,"minecraft:arrow":7,"minecraft:rotten_flesh":4,"minecraft:granite":19,"minecraft:bread":2,"minecraft:glow_berries":1,"minecraft:coal":40,"minecraft:cobblestone":117}},"DataVersion":3955}