{"stats":{"minecraft:killed_by":{"minecraft:creeper":1},"minecraft:dropped":{"minecraft:bread":2,"minecraft:wheat_seeds":1,"minecraft:cooked_beef":1},"minecraft:custom":{"minecraft:interact_with_smithing_table":1,"minecraft:interact_with_furnace":10,"minecraft:mob_kills":28,"minecraft:interact_with_crafting_table":13,"minecraft:interact_with_campfire":3,"minecraft:bell_ring":3,"minecraft:leave_game":4,"minecraft:time_since_death":14754,"minecraft:sleep_in_bed":4,"minecraft:time_since_rest":14785,"minecraft:sprint_one_cm":87625,"minecraft:damage_taken":1994,"minecraft:walk_one_cm":481298,"minecraft:drop":4,"minecraft:damage_dealt":4441,"minecraft:swim_one_cm":31195,"minecraft:fly_one_cm":115395,"minecraft:open_chest":9,"minecraft:crouch_one_cm":13005,"minecraft:play_time":134779,"minecraft:deaths":2,"minecraft:sneak_time":5353,"minecraft:walk_under_water_one_cm":27826,"minecraft:boat_one_cm":194743,"minecraft:jump":1446,"minecraft:walk_on_water_one_cm":61509,"minecraft:total_world_time":134779,"minecraft:fall_one_cm":31082},"minecraft:mined":{"minecraft:crafting_table":3,"minecraft:torch":2,"minecraft:short_grass":8,"minecraft:grass_block":6,"minecraft:cobblestone":3,"minecraft:spruce_leaves":8,"minecraft:oak_planks":1,"minecraft:sugar_cane":1,"minecraft:composter":1,"minecraft:sculk":1,"minecraft:wall_torch":1,"minecraft:furnace":2,"minecraft:iron_ore":37,"minecraft:wheat":20,"minecraft:spruce_log":27,"minecraft:andesite":1,"minecraft:pumpkin":10,"minecraft:coal_ore":50,"minecraft:potatoes":1,"minecraft:oak_log":6,"minecraft:beetroots":1,"minecraft:deepslate_iron_ore":2,"minecraft:dirt":6,"minecraft:stone":52,"minecraft:oak_leaves":3,"minecraft:deepslate":8,"minecraft:fern":1},"minecraft:crafted":{"minecraft:cooked_beef":9,"minecraft:sugar":1,"minecraft:oak_planks":24,"minecraft:crafting_table":4,"minecraft:spruce_planks":92,"minecraft:cooked_chicken":4,"minecraft:iron_helmet":1,"minecraft:wooden_pickaxe":1,"minecraft:iron_sword":1,"minecraft:furnace":2,"minecraft:cooked_mutton":2,"minecraft:bread":4,"minecraft:air":0,"minecraft:iron_boots":1,"minecraft:iron_chestplate":1,"minecraft:stick":12,"minecraft:iron_pickaxe":1,"minecraft:stone_pickaxe":1,"minecraft:stone_sword":1,"minecraft:iron_leggings":1,"minecraft:spruce_boat":2,"minecraft:torch":36},"minecraft:used":{"minecraft:cooked_mutton":2,"minecraft:wheat_seeds":17,"minecraft:stone_sword":95,"minecraft:stone_pickaxe":128,"minecraft:baked_potato":3,"minecraft:oak_planks":1,"minecraft:wooden_pickaxe":4,"minecraft:iron_sword":16,"minecraft:composter":1,"minecraft:torch":16,"minecraft:dirt":10,"minecraft:crafting_table":5,"minecraft:snowball":1,"minecraft:spruce_log":3,"minecraft:spruce_boat":7,"minecraft:bread":5,"minecraft:iron_pickaxe":27,"minecraft:cobblestone":12,"minecraft:furnace":2,"minecraft:beetroot_seeds":1,"minecraft:cooked_beef":10,"minecraft:potato":1,"minecraft:pumpkin":7},"minecraft:killed":{"minecraft:spider":2,"minecraft:skeleton":5,"minecraft:zombie":11,"minecraft:chicken":4,"minecraft:cow":6},"minecraft:picked_up":{"minecraft:crafting_table":3,"minecraft:wheat":13,"minecraft:feather":1,"minecraft:cooked_beef":2,"minecraft:chicken":4,"minecraft:glow_ink_sac":4,"minecraft:andesite":3,"minecraft:leather":3,"minecraft:potato":3,"minecraft:flint":1,"minecraft:oak_log":6,"minecraft:dirt":16,"minecraft:string":2,"minecraft:bone":7,"minecraft:beetroot":1,"minecraft:bow":1,"minecraft:wheat_seeds":48,"minecraft:cobbled_deepslate":11,"minecraft:spruce_planks":1,"minecraft:beef":16,"minecraft:iron_ingot":29,"minecraft:oak_planks":1,"minecraft:sugar_cane":2,"minecraft:furnace":2,"minecraft:stick":5,"minecraft:raw_iron":39,"minecraft:pumpkin":10,"minecraft:composter":1,"minecraft:torch":3,"minecraft:spruce_sapling":7,"minecraft:spruce_log":26,"minecraft:spider_eye":1,"minecraft:arrow":7,"minecraft:rotten_flesh":11,"minecraft:spruce_boat":7,"minecraft:beetroot_seeds":3,"minecraft:baked_potato":3,"minecraft:mutton":2,"minecraft:coal":81,"minecraft:white_wool":2,"minecraft:cobblestone":65}},"DataVersion":3955}