{"stats":{"minecraft:used":{"alexsmobs:emu_egg":3,"minecraft:shield":42,"minecraft:iron_sword":175,"minecraft:cooked_chicken":1,"minecraft:torch":12,"minecraft:dirt":1,"minecraft:dark_oak_planks":12,"minecraft:iron_helmet":1,"minecraft:iron_boots":2,"minecraft:potato":5,"minecraft:orange_terracotta":1,"minecraft:wheat_seeds":82,"minecraft:baked_potato":6,"minecraft:green_bed":1,"biomemakeover:cowboy_hat":1,"minecraft:terracotta":5,"minecraft:crafting_table":3,"minecraft:acacia_leaves":1,"minecraft:red_sandstone":1,"minecraft:apple":1,"minecraft:melon_slice":3,"minecraft:bread":35,"minecraft:iron_pickaxe":113,"alexsmobs:kangaroo_meat":2,"minecraft:red_terracotta":1,"minecraft:cobblestone":17,"minecraft:dark_oak_fence":1,"minecraft:pumpkin_pie":6,"alexsmobs:animal_dictionary":1,"minecraft:bone_meal":1},"minecraft:killed_by":{"minecraft:zombie":3},"minecraft:killed":{"mca:female_zombie_villager":1,"minecraft:cave_spider":3,"minecraft:spider":2,"alexsmobs:rattlesnake":1,"minecraft:skeleton":5,"minecraft:chicken":1,"minecraft:husk":8,"minecraft:zombie":21},"minecraft:custom":{"minecraft:mob_kills":42,"minecraft:interact_with_crafting_table":6,"minecraft:open_barrel":3,"minecraft:bell_ring":1,"minecraft:leave_game":12,"minecraft:time_since_death":48208,"minecraft:climb_one_cm":3571,"minecraft:sprint_one_cm":103490,"minecraft:walk_one_cm":1106285,"minecraft:damage_blocked_by_shield":1530,"minecraft:drop":31,"minecraft:play_time":250539,"minecraft:deaths":3,"minecraft:sneak_time":2943,"minecraft:walk_under_water_one_cm":8089,"minecraft:jump":2638,"minecraft:walk_on_water_one_cm":32869,"minecraft:total_world_time":250539,"minecraft:interact_with_furnace":1,"minecraft:traded_with_villager":11,"minecraft:interact_with_stonecutter":1,"minecraft:sleep_in_bed":6,"minecraft:time_since_rest":48327,"minecraft:damage_taken":3340,"minecraft:damage_dealt":7370,"minecraft:swim_one_cm":47878,"minecraft:fly_one_cm":171170,"minecraft:player_kills":1,"minecraft:open_chest":16,"minecraft:crouch_one_cm":7691,"minecraft:interact_with_smoker":4,"minecraft:fall_one_cm":61654},"minecraft:crafted":{"minecraft:oak_planks":8,"minecraft:cooked_chicken":1,"minecraft:wheat":333,"minecraft:emerald":7,"minecraft:crafting_table":2,"minecraft:baked_potato":6,"minecraft:iron_sword":1,"minecraft:bread":67,"minecraft:air":0,"minecraft:iron_pickaxe":1,"minecraft:pumpkin_pie":13,"minecraft:torch":96},"minecraft:picked_up":{"minecraft:crafting_table":5,"minecraft:wheat":164,"minecraft:chicken":1,"minecraft:red_sandstone_stairs":4,"alexsmobs:emu_leggings":2,"alexsmobs:roadrunner_feather":2,"minecraft:potion":2,"minecraft:shield":5,"minecraft:string":53,"minecraft:gold_nugget":3,"minecraft:iron_pickaxe":6,"minecraft:lectern":2,"minecraft:melon_slice":38,"minecraft:sugar_cane":14,"minecraft:iron_boots":3,"minecraft:stick":45,"minecraft:raw_iron":12,"minecraft:brown_terracotta":12,"minecraft:green_bed":3,"minecraft:torch":94,"biomemakeover:cowboy_hat":5,"minecraft:dark_oak_planks":12,"byg:biomepedia":4,"minecraft:arrow":4,"minecraft:rotten_flesh":50,"minecraft:stone_shovel":2,"minecraft:pumpkin_pie":3,"minecraft:hay_block":50,"alexsmobs:emu_egg":9,"alexsmobs:kangaroo_meat":4,"minecraft:cobblestone":47,"minecraft:feather":4,"minecraft:acacia_leaves":1,"minecraft:smoker":1,"minecraft:potato":5,"minecraft:oak_log":2,"minecraft:gunpowder":4,"mca:book_romance":1,"minecraft:paper":3,"minecraft:dirt":53,"minecraft:orange_terracotta":1,"minecraft:bone":6,"minecraft:red_sandstone":1,"minecraft:wheat_seeds":318,"minecraft:raw_gold":70,"minecraft:iron_ingot":2,"minecraft:cooked_chicken":2,"minecraft:oak_planks":20,"minecraft:iron_sword":4,"aquaculture:gar":1,"alexsmobs:animal_dictionary":2,"minecraft:red_terracotta":1,"alexsmobs:kangaroo_hide":2,"minecraft:diamond":4,"minecraft:iron_helmet":1,"minecraft:bone_meal":1,"minecraft:emerald":9,"minecraft:bread":202,"minecraft:terracotta":11,"mca:book_infection":1,"minecraft:melon_seeds":2,"minecraft:dark_oak_fence":3,"minecraft:coal":147},"minecraft:mined":{"biomesoplenty:desert_grass":1,"minecraft:dark_oak_fence":2,"biomesoplenty:bush":6,"minecraft:grass_block":1,"minecraft:red_sandstone_stairs":2,"minecraft:hay_block":39,"minecraft:red_sandstone":2,"minecraft:iron_ore":3,"minecraft:stone":13,"minecraft:green_bed":1,"minecraft:glass_pane":1,"minecraft:red_sandstone_slab":1,"minecraft:orange_terracotta":1,"minecraft:crafting_table":2,"minecraft:torch":1,"minecraft:melon":1,"minecraft:dead_bush":9,"minecraft:lectern":1,"minecraft:wheat":55,"minecraft:grass":9,"minecraft:oak_log":2,"minecraft:coal_ore":35,"minecraft:sand":2,"minecraft:cobweb":1,"minecraft:brown_terracotta":1,"minecraft:terracotta":12,"minecraft:gold_ore":35},"minecraft:dropped":{"byg:biomepedia":1,"minecraft:bread":61,"minecraft:iron_sword":1,"minecraft:wheat_seeds":29,"minecraft:iron_helmet":1,"alexsmobs:roadrunner_feather":1,"aquaculture:gar":1,"minecraft:dark_oak_fence":1,"minecraft:melon_slice":17,"minecraft:potion":1,"minecraft:gold_nugget":3,"minecraft:iron_pickaxe":3,"minecraft:string":45,"alexsmobs:animal_dictionary":1,"minecraft:wheat":1,"minecraft:rotten_flesh":14,"minecraft:oak_planks":20,"minecraft:smoker":1,"alexsmobs:kangaroo_hide":2,"minecraft:potato":5,"minecraft:hay_block":13,"minecraft:shield":1,"minecraft:melon_seeds":2,"minecraft:red_sandstone_stairs":2,"biomemakeover:cowboy_hat":1}},"DataVersion":3120}