{"stats":{"minecraft:picked_up":{"minecraft:fishing_rod":1,"minecraft:iron_chestplate":1,"minecraft:crafting_table":6,"minecraft:wheat":18,"minecraft:chicken":4,"minecraft:lead":2,"minecraft:oak_stairs":13,"minecraft:enchanted_book":1,"minecraft:diamond_horse_armor":1,"minecraft:string":15,"minecraft:iron_leggings":1,"minecraft:pufferfish":1,"minecraft:beetroot":3,"minecraft:gold_nugget":6,"minecraft:smooth_stone":1,"minecraft:cobbled_deepslate":11,"minecraft:spruce_planks":2,"minecraft:beef":16,"minecraft:oak_boat":4,"minecraft:iron_pickaxe":1,"minecraft:sugar_cane":2,"minecraft:iron_boots":1,"minecraft:furnace":3,"minecraft:stick":5,"minecraft:raw_iron":176,"minecraft:composter":1,"minecraft:torch":13,"minecraft:bowl":1,"minecraft:diorite":2,"minecraft:redstone":8,"minecraft:arrow":12,"minecraft:rotten_flesh":20,"minecraft:tropical_fish":3,"minecraft:beetroot_seeds":3,"minecraft:hay_block":24,"minecraft:gold_ingot":3,"minecraft:white_terracotta":6,"minecraft:mutton":2,"minecraft:cobblestone":114,"minecraft:cod":31,"minecraft:rail":2,"minecraft:white_wool":7,"minecraft:stripped_oak_log":16,"minecraft:feather":4,"minecraft:cooked_beef":29,"minecraft:salmon":7,"minecraft:glow_ink_sac":4,"minecraft:tripwire_hook":1,"minecraft:andesite":10,"minecraft:leather":18,"minecraft:potato":4,"minecraft:birch_planks":1,"minecraft:flint":1,"minecraft:oak_log":60,"minecraft:lily_pad":1,"minecraft:golden_boots":1,"minecraft:cobblestone_stairs":1,"minecraft:lapis_lazuli":14,"minecraft:dirt":37,"minecraft:leather_boots":1,"minecraft:cooked_mutton":4,"minecraft:bone":21,"minecraft:bow":2,"minecraft:wheat_seeds":48,"minecraft:rabbit_hide":1,"minecraft:iron_ingot":29,"minecraft:cooked_chicken":6,"minecraft:glowstone_dust":2,"minecraft:iron_sword":9,"minecraft:oak_planks":305,"minecraft:oak_slab":2,"minecraft:pumpkin":10,"minecraft:cooked_porkchop":21,"minecraft:music_disc_13":2,"minecraft:sweet_berries":34,"minecraft:quartz":94,"minecraft:dandelion":2,"minecraft:spruce_sapling":7,"minecraft:spruce_log":26,"minecraft:white_bed":1,"minecraft:grass_block":1,"minecraft:spider_eye":4,"minecraft:sugar":3,"minecraft:spruce_boat":7,"minecraft:iron_helmet":1,"minecraft:bone_meal":2,"minecraft:golden_horse_armor":1,"minecraft:warped_nylium":1,"minecraft:baked_potato":3,"minecraft:netherrack":44,"minecraft:melon_seeds":4,"minecraft:coal":103,"minecraft:ender_pearl":3,"minecraft:diamond_pickaxe":1},"minecraft:used":{"minecraft:stone_sword":95,"minecraft:iron_shovel":5,"minecraft:shield":6,"minecraft:iron_sword":188,"minecraft:cooked_chicken":4,"minecraft:netherrack":2,"minecraft:torch":28,"minecraft:dirt":10,"minecraft:snowball":1,"minecraft:spruce_boat":7,"minecraft:iron_axe":364,"minecraft:furnace":3,"minecraft:cooked_cod":2,"minecraft:beetroot_seeds":1,"minecraft:cooked_beef":10,"minecraft:potato":25,"minecraft:pumpkin":7,"minecraft:wheat_seeds":17,"minecraft:cooked_mutton":2,"minecraft:stone_pickaxe":128,"minecraft:baked_potato":3,"minecraft:oak_planks":1,"minecraft:wooden_pickaxe":4,"minecraft:composter":1,"minecraft:oak_slab":1,"minecraft:crafting_table":7,"minecraft:white_bed":2,"minecraft:spruce_log":3,"minecraft:diamond_pickaxe":44,"minecraft:bread":15,"minecraft:iron_pickaxe":249,"minecraft:fishing_rod":79,"minecraft:fire_charge":1,"minecraft:cobblestone":18,"minecraft:cooked_porkchop":6,"minecraft:oak_boat":6},"minecraft:dropped":{"minecraft:golden_boots":1,"minecraft:bread":2,"minecraft:iron_sword":7,"minecraft:wheat_seeds":1,"minecraft:cooked_beef":1,"minecraft:cobblestone":20,"minecraft:leather":14,"minecraft:tropical_fish":3,"minecraft:golden_apple":2,"minecraft:flint":3,"minecraft:bone_meal":2,"minecraft:string":3,"minecraft:dandelion":2,"minecraft:bone":9,"minecraft:flint_and_steel":1,"minecraft:rabbit_hide":1,"minecraft:spider_eye":2},"minecraft:crafted":{"minecraft:oak_planks":324,"minecraft:fishing_rod":2,"minecraft:cooked_chicken":4,"minecraft:furnace":2,"minecraft:cooked_mutton":2,"minecraft:iron_boots":1,"minecraft:iron_axe":2,"minecraft:stone_pickaxe":1,"minecraft:spruce_boat":2,"minecraft:wheat":216,"minecraft:cooked_beef":9,"minecraft:sugar":1,"minecraft:cooked_cod":9,"minecraft:crossbow":1,"minecraft:emerald":33,"minecraft:crafting_table":4,"minecraft:spruce_planks":92,"minecraft:wooden_pickaxe":1,"minecraft:iron_helmet":1,"minecraft:iron_sword":1,"minecraft:bread":68,"minecraft:air":0,"minecraft:oak_boat":2,"minecraft:iron_chestplate":1,"minecraft:shield":1,"minecraft:stick":1096,"minecraft:iron_ingot":5,"minecraft:iron_pickaxe":1,"minecraft:stone_sword":1,"minecraft:iron_shovel":1,"minecraft:iron_leggings":1,"minecraft:torch":56},"minecraft:mined":{"minecraft:nether_gold_ore":1,"minecraft:spruce_planks":1,"minecraft:white_bed":1,"minecraft:cobblestone_stairs":1,"minecraft:grass_block":6,"minecraft:spruce_leaves":8,"minecraft:composter":1,"minecraft:smooth_stone":1,"minecraft:hay_block":24,"minecraft:furnace":2,"minecraft:iron_ore":109,"minecraft:fire":1,"minecraft:andesite":4,"minecraft:pumpkin":10,"minecraft:potatoes":1,"minecraft:deepslate_iron_ore":2,"minecraft:oak_stairs":20,"minecraft:stripped_oak_log":16,"minecraft:stone":74,"minecraft:oak_slab":2,"minecraft:glass_pane":1,"minecraft:crimson_nylium":1,"minecraft:dandelion":3,"minecraft:crafting_table":5,"minecraft:torch":3,"minecraft:short_grass":24,"minecraft:warped_roots":1,"minecraft:nether_quartz_ore":94,"minecraft:tall_grass":1,"minecraft:cobblestone":5,"minecraft:lapis_ore":1,"minecraft:sugar_cane":1,"minecraft:oak_planks":271,"minecraft:sculk":1,"minecraft:diorite":1,"minecraft:wall_torch":2,"minecraft:white_terracotta":6,"minecraft:birch_planks":1,"minecraft:sweet_berry_bush":24,"minecraft:wheat":20,"minecraft:spruce_log":27,"minecraft:coal_ore":61,"minecraft:oak_log":60,"minecraft:beetroots":1,"minecraft:dirt":6,"minecraft:cobweb":2,"minecraft:netherrack":49,"minecraft:oak_leaves":4,"minecraft:deepslate":8,"minecraft:fern":1},"minecraft:killed_by":{"minecraft:creeper":1},"minecraft:killed":{"minecraft:witch":1,"minecraft:spider":8,"minecraft:skeleton":9,"minecraft:chicken":6,"minecraft:drowned":1,"minecraft:pig":11,"minecraft:iron_golem":1,"minecraft:wandering_trader":1,"minecraft:creeper":1,"minecraft:sheep":1,"minecraft:zombie":16,"minecraft:enderman":3,"minecraft:cow":18},"minecraft:custom":{"minecraft:interact_with_smithing_table":1,"minecraft:mob_kills":83,"minecraft:animals_bred":3,"minecraft:interact_with_crafting_table":29,"minecraft:interact_with_campfire":3,"minecraft:bell_ring":3,"minecraft:leave_game":10,"minecraft:time_since_death":162029,"minecraft:climb_one_cm":1588,"minecraft:sprint_one_cm":242225,"minecraft:walk_one_cm":1193859,"minecraft:damage_blocked_by_shield":175,"minecraft:drop":34,"minecraft:talked_to_villager":29,"minecraft:play_time":309110,"minecraft:deaths":3,"minecraft:sneak_time":15088,"minecraft:walk_under_water_one_cm":32569,"minecraft:boat_one_cm":423433,"minecraft:jump":3866,"minecraft:enchant_item":2,"minecraft:walk_on_water_one_cm":83568,"minecraft:total_world_time":309110,"minecraft:interact_with_furnace":26,"minecraft:traded_with_villager":34,"minecraft:sleep_in_bed":13,"minecraft:time_since_rest":54648,"minecraft:damage_taken":3141,"minecraft:damage_dealt":12925,"minecraft:swim_one_cm":33925,"minecraft:fly_one_cm":556961,"minecraft:open_chest":58,"minecraft:crouch_one_cm":49027,"minecraft:fish_caught":42,"minecraft:fall_one_cm":79556},"minecraft:broken":{"minecraft:iron_axe":1,"minecraft:iron_pickaxe":1,"minecraft:fishing_rod":1}},"DataVersion":3955}