{"stats":{"minecraft:broken":{"alexsmobs:emu_leggings":1,"aether:leather_gloves":1},"minecraft:mined":{"minecraft:dark_oak_planks":1,"minecraft:spruce_planks":3,"minecraft:mossy_cobblestone":1,"biomesoplenty:desert_grass":1,"minecraft:dark_oak_fence":2,"biomesoplenty:bush":7,"minecraft:grass_block":7,"minecraft:red_sandstone_stairs":2,"travelersbackpack:white_sleeping_bag":4,"minecraft:spruce_leaves":4,"minecraft:sandstone":7,"biomesoplenty:dune_grass":3,"minecraft:sandstone_stairs":1,"minecraft:hay_block":39,"minecraft:iron_ore":6,"minecraft:red_sandstone":2,"minecraft:acacia_wood":4,"minecraft:gold_block":1,"minecraft:dirt_path":2,"minecraft:iron_bars":2,"minecraft:stone":28,"byg:white_puffball":1,"minecraft:green_bed":1,"minecraft:oak_slab":1,"minecraft:light_gray_carpet":1,"minecraft:glass_pane":2,"minecraft:red_sandstone_slab":1,"byg:golden_spined_cactus":1,"minecraft:brown_carpet":2,"minecraft:orange_terracotta":3,"minecraft:powder_snow":113,"minecraft:torch":4,"minecraft:crafting_table":4,"minecraft:melon":1,"minecraft:dead_bush":9,"minecraft:lectern":1,"minecraft:tall_grass":1,"minecraft:cobblestone":8,"minecraft:oak_planks":2,"minecraft:wall_torch":3,"minecraft:wheat":55,"minecraft:ice":1,"minecraft:white_carpet":3,"minecraft:spruce_log":5,"biomesoplenty:fir_log":2,"minecraft:grass":18,"minecraft:coal_ore":35,"minecraft:oak_log":2,"minecraft:gravel":5,"minecraft:sand":2,"minecraft:dirt":1,"minecraft:cobweb":1,"minecraft:brown_terracotta":1,"minecraft:terracotta":12,"minecraft:acacia_planks":1,"minecraft:dispenser":1,"minecraft:gold_ore":35},"minecraft:crafted":{"minecraft:oak_planks":8,"minecraft:cooked_chicken":1,"minecraft:iron_boots":2,"minecraft:wheat":333,"minecraft:crossbow":1,"minecraft:emerald":7,"minecraft:cooked_porkchop":6,"minecraft:crafting_table":2,"minecraft:spruce_planks":16,"minecraft:baked_potato":6,"minecraft:iron_helmet":1,"minecraft:iron_sword":2,"minecraft:bread":79,"minecraft:acacia_boat":2,"minecraft:air":0,"minecraft:iron_chestplate":1,"minecraft:shield":1,"minecraft:stick":4,"minecraft:iron_ingot":6,"minecraft:iron_pickaxe":1,"minecraft:iron_leggings":1,"minecraft:pumpkin_pie":13,"minecraft:acacia_planks":16,"minecraft:torch":96},"minecraft:dropped":{"byg:biomepedia":2,"minecraft:iron_ingot":10,"minecraft:bread":87,"minecraft:iron_sword":2,"minecraft:wheat_seeds":93,"alexsmobs:kangaroo_meat":1,"minecraft:iron_helmet":2,"minecraft:flint":1,"minecraft:dirt":3,"alexsmobs:roadrunner_feather":1,"aquaculture:gar":1,"minecraft:dark_oak_fence":1,"minecraft:melon_slice":20,"minecraft:cut_sandstone":4,"minecraft:snowball":15,"minecraft:potion":1,"alexsmobs:emu_feather":3,"minecraft:gold_nugget":3,"minecraft:pumpkin_pie":3,"minecraft:sand":9,"minecraft:iron_pickaxe":3,"minecraft:paper":1,"minecraft:string":47,"minecraft:bone":6,"minecraft:gravel":4,"minecraft:sugar_cane":9,"alexsmobs:animal_dictionary":1,"minecraft:wheat":1,"minecraft:rotten_flesh":31,"minecraft:oak_planks":20,"minecraft:iron_boots":1,"minecraft:smoker":1,"alexsmobs:kangaroo_hide":2,"minecraft:diamond_sword":1,"minecraft:potato":5,"minecraft:hay_block":13,"minecraft:shield":2,"minecraft:gunpowder":2,"minecraft:melon_seeds":2,"minecraft:sandstone":29,"minecraft:red_sandstone_stairs":2,"biomemakeover:cowboy_hat":2},"minecraft:used":{"alexsmobs:emu_egg":3,"minecraft:iron_bars":3,"minecraft:stone_shovel":2,"minecraft:spruce_planks":3,"minecraft:shield":69,"minecraft:iron_sword":502,"minecraft:cooked_chicken":1,"minecraft:torch":40,"minecraft:iron_chestplate":3,"minecraft:dirt":17,"minecraft:white_carpet":2,"minecraft:snowball":4,"minecraft:dark_oak_planks":12,"minecraft:iron_axe":9,"minecraft:iron_helmet":1,"minecraft:iron_boots":5,"minecraft:red_carpet":1,"minecraft:orange_terracotta":3,"minecraft:potato":18,"minecraft:iron_leggings":4,"minecraft:acacia_planks":1,"minecraft:wheat_seeds":82,"minecraft:acacia_boat":16,"minecraft:sandstone_stairs":1,"minecraft:baked_potato":6,"minecraft:oak_planks":2,"minecraft:green_bed":1,"minecraft:white_wool":2,"biomemakeover:cowboy_hat":2,"minecraft:terracotta":5,"minecraft:crafting_table":6,"minecraft:crossbow":11,"minecraft:acacia_leaves":1,"minecraft:red_sandstone":1,"minecraft:apple":1,"alexsmobs:kangaroo_meat":4,"minecraft:melon_slice":3,"minecraft:bread":65,"minecraft:iron_pickaxe":154,"travelersbackpack:white_sleeping_bag":3,"minecraft:red_terracotta":1,"minecraft:cobblestone":40,"minecraft:porkchop":1,"minecraft:dark_oak_fence":1,"minecraft:cooked_porkchop":3,"minecraft:pumpkin_pie":6,"alexsmobs:animal_dictionary":1,"minecraft:splash_potion":1,"minecraft:bone_meal":1,"alexsmobs:emu_leggings":1},"minecraft:killed_by":{"minecraft:creeper":2,"minecraft:pillager":3,"alexsmobs:tusklin":5,"minecraft:vindicator":5,"minecraft:zombie":4,"minecraft:vex":1},"minecraft:killed":{"mca:female_zombie_villager":1,"minecraft:vex":2,"minecraft:cave_spider":3,"alexsmobs:tarantula_hawk":1,"minecraft:spider":3,"minecraft:vindicator":11,"alexsmobs:rattlesnake":1,"minecraft:skeleton":8,"minecraft:chicken":1,"alexsmobs:kangaroo":1,"minecraft:husk":8,"minecraft:pig":2,"minecraft:sheep":2,"minecraft:pillager":25,"minecraft:zombie":25},"minecraft:picked_up":{"minecraft:iron_chestplate":11,"minecraft:crafting_table":8,"minecraft:wheat":246,"minecraft:chicken":1,"minecraft:red_sandstone_stairs":4,"minecraft:golden_pickaxe":1,"alexsmobs:emu_leggings":6,"minecraft:diamond_sword":1,"aether:iron_gloves":2,"alexsmobs:roadrunner_feather":2,"minecraft:potion":2,"minecraft:gold_block":11,"minecraft:enchanted_book":24,"minecraft:shield":26,"aether:leather_gloves":2,"minecraft:string":55,"minecraft:iron_axe":14,"minecraft:iron_leggings":14,"minecraft:white_carpet":47,"aquaculture:pink_salmon":1,"alexsmobs:emu_feather":6,"minecraft:gold_nugget":3,"minecraft:spruce_planks":59,"minecraft:iron_pickaxe":17,"minecraft:lectern":2,"minecraft:melon_slice":41,"minecraft:sugar_cane":23,"byg:golden_spined_cactus":2,"minecraft:iron_boots":14,"minecraft:stick":61,"minecraft:raw_iron":30,"minecraft:sandstone":29,"minecraft:music_disc_blocks":7,"minecraft:brown_terracotta":18,"minecraft:torch":476,"minecraft:green_bed":3,"minecraft:fire_charge":1,"minecraft:porkchop":26,"biomemakeover:cowboy_hat":13,"mca:book_blueprint":11,"minecraft:dark_oak_planks":13,"minecraft:brown_carpet":4,"byg:biomepedia":5,"minecraft:arrow":38,"minecraft:stone_shovel":15,"minecraft:rotten_flesh":69,"minecraft:pumpkin_pie":6,"minecraft:hay_block":50,"minecraft:sandstone_stairs":1,"alexsmobs:emu_egg":9,"minecraft:mutton":12,"minecraft:iron_bars":3,"minecraft:snowball":34,"alexsmobs:kangaroo_meat":7,"minecraft:white_wool":2,"minecraft:cobblestone":73,"minecraft:feather":10,"minecraft:tripwire_hook":8,"minecraft:acacia_leaves":1,"minecraft:cut_sandstone":4,"minecraft:smoker":1,"minecraft:acacia_wood":4,"minecraft:potato":15,"biomesoplenty:fir_log":2,"minecraft:flint":1,"minecraft:oak_log":2,"minecraft:golden_boots":12,"minecraft:gunpowder":6,"minecraft:acacia_boat":18,"mca:book_romance":1,"minecraft:lapis_lazuli":18,"minecraft:dirt":73,"minecraft:paper":4,"minecraft:white_banner":7,"minecraft:orange_terracotta":3,"minecraft:red_carpet":1,"minecraft:bone":30,"minecraft:acacia_planks":1,"minecraft:stone_bricks":8,"quark:music_disc_crickets":14,"minecraft:red_sandstone":1,"minecraft:wheat_seeds":386,"minecraft:raw_gold":308,"minecraft:iron_ingot":265,"minecraft:cooked_chicken":2,"minecraft:iron_sword":30,"minecraft:oak_planks":22,"aquaculture:gar":1,"minecraft:gravel":4,"minecraft:sand":9,"minecraft:spruce_sapling":2,"minecraft:spruce_log":4,"minecraft:red_terracotta":1,"alexsmobs:animal_dictionary":2,"minecraft:mossy_cobblestone":1,"travelersbackpack:white_sleeping_bag":28,"alexsmobs:kangaroo_hide":2,"minecraft:diamond":30,"minecraft:iron_helmet":4,"minecraft:crossbow":21,"minecraft:bone_meal":1,"minecraft:emerald":98,"minecraft:bread":270,"minecraft:terracotta":11,"mca:book_infection":1,"minecraft:light_gray_carpet":1,"minecraft:melon_seeds":2,"minecraft:dark_oak_fence":3,"minecraft:coal":303},"minecraft:custom":{"minecraft:mob_kills":94,"minecraft:interact_with_crafting_table":15,"minecraft:open_barrel":18,"minecraft:bell_ring":1,"minecraft:leave_game":23,"minecraft:time_since_death":1016,"minecraft:climb_one_cm":7622,"minecraft:sprint_one_cm":277737,"minecraft:walk_one_cm":1860471,"minecraft:damage_blocked_by_shield":2760,"minecraft:drop":63,"minecraft:play_time":455230,"minecraft:sneak_time":7792,"minecraft:deaths":21,"minecraft:walk_under_water_one_cm":31187,"minecraft:boat_one_cm":1019406,"minecraft:interact_with_brewingstand":3,"minecraft:jump":5081,"minecraft:walk_on_water_one_cm":51702,"minecraft:total_world_time":455230,"minecraft:interact_with_furnace":4,"minecraft:traded_with_villager":11,"minecraft:raid_trigger":1,"minecraft:interact_with_stonecutter":1,"minecraft:sleep_in_bed":17,"minecraft:time_since_rest":0,"minecraft:waystone_activated":1,"minecraft:damage_absorbed":680,"minecraft:damage_taken":10028,"minecraft:damage_dealt":19457,"minecraft:player_kills":1,"minecraft:swim_one_cm":51702,"minecraft:fly_one_cm":496084,"minecraft:open_chest":35,"minecraft:crouch_one_cm":16250,"minecraft:interact_with_smoker":4,"minecraft:fall_one_cm":114535}},"DataVersion":3120}