{"stats":{"minecraft:mined":{"biomesoplenty:desert_grass":1,"minecraft:dark_oak_fence":2,"biomesoplenty:bush":7,"minecraft:grass_block":3,"minecraft:red_sandstone_stairs":2,"minecraft:sandstone":7,"biomesoplenty:dune_grass":3,"minecraft:sandstone_stairs":1,"minecraft:hay_block":39,"minecraft:iron_ore":3,"minecraft:red_sandstone":2,"minecraft:acacia_wood":4,"minecraft:gold_block":1,"minecraft:stone":26,"minecraft:green_bed":1,"minecraft:oak_slab":1,"minecraft:glass_pane":2,"minecraft:red_sandstone_slab":1,"byg:golden_spined_cactus":1,"minecraft:brown_carpet":2,"minecraft:orange_terracotta":3,"minecraft:powder_snow":48,"minecraft:crafting_table":4,"minecraft:torch":1,"minecraft:melon":1,"minecraft:dead_bush":9,"minecraft:lectern":1,"minecraft:tall_grass":1,"minecraft:cobblestone":6,"minecraft:oak_planks":2,"minecraft:wheat":55,"biomesoplenty:fir_log":2,"minecraft:grass":18,"minecraft:oak_log":2,"minecraft:coal_ore":35,"minecraft:gravel":5,"minecraft:sand":2,"minecraft:cobweb":1,"minecraft:brown_terracotta":1,"minecraft:terracotta":12,"minecraft:gold_ore":35},"minecraft:crafted":{"minecraft:oak_planks":8,"minecraft:cooked_chicken":1,"minecraft:iron_boots":1,"minecraft:wheat":333,"minecraft:crossbow":1,"minecraft:emerald":7,"minecraft:crafting_table":2,"minecraft:baked_potato":6,"minecraft:iron_sword":1,"minecraft:bread":78,"minecraft:acacia_boat":2,"minecraft:air":0,"minecraft:iron_chestplate":1,"minecraft:iron_pickaxe":1,"minecraft:pumpkin_pie":13,"minecraft:acacia_planks":16,"minecraft:torch":96},"minecraft:dropped":{"byg:biomepedia":2,"minecraft:iron_ingot":10,"minecraft:bread":87,"minecraft:iron_sword":1,"minecraft:wheat_seeds":93,"alexsmobs:kangaroo_meat":1,"minecraft:iron_helmet":1,"minecraft:flint":1,"minecraft:dirt":2,"alexsmobs:roadrunner_feather":1,"aquaculture:gar":1,"minecraft:dark_oak_fence":1,"minecraft:melon_slice":20,"minecraft:cut_sandstone":4,"minecraft:potion":1,"alexsmobs:emu_feather":3,"minecraft:gold_nugget":3,"minecraft:pumpkin_pie":3,"minecraft:sand":9,"minecraft:iron_pickaxe":3,"minecraft:paper":1,"minecraft:string":47,"minecraft:bone":6,"minecraft:gravel":4,"minecraft:sugar_cane":7,"alexsmobs:animal_dictionary":1,"minecraft:wheat":1,"minecraft:rotten_flesh":31,"minecraft:oak_planks":20,"minecraft:iron_boots":1,"minecraft:smoker":1,"alexsmobs:kangaroo_hide":2,"minecraft:potato":5,"minecraft:hay_block":13,"minecraft:shield":1,"minecraft:gunpowder":2,"minecraft:melon_seeds":2,"minecraft:sandstone":29,"minecraft:red_sandstone_stairs":2,"biomemakeover:cowboy_hat":2},"minecraft:used":{"alexsmobs:emu_egg":3,"minecraft:shield":54,"minecraft:iron_sword":390,"minecraft:cooked_chicken":1,"minecraft:torch":20,"minecraft:dirt":1,"minecraft:dark_oak_planks":12,"minecraft:iron_helmet":1,"minecraft:iron_boots":2,"minecraft:potato":5,"minecraft:orange_terracotta":3,"minecraft:wheat_seeds":82,"minecraft:acacia_boat":9,"minecraft:sandstone_stairs":1,"minecraft:baked_potato":6,"minecraft:oak_planks":2,"minecraft:green_bed":1,"minecraft:white_wool":2,"biomemakeover:cowboy_hat":2,"minecraft:terracotta":5,"minecraft:crafting_table":6,"minecraft:acacia_leaves":1,"minecraft:crossbow":4,"minecraft:red_sandstone":1,"minecraft:apple":1,"minecraft:bread":53,"minecraft:melon_slice":3,"minecraft:iron_pickaxe":143,"alexsmobs:kangaroo_meat":4,"minecraft:red_terracotta":1,"minecraft:cobblestone":35,"minecraft:dark_oak_fence":1,"minecraft:pumpkin_pie":6,"alexsmobs:animal_dictionary":1,"minecraft:bone_meal":1},"minecraft:killed_by":{"minecraft:vindicator":1,"minecraft:zombie":4},"minecraft:killed":{"mca:female_zombie_villager":1,"minecraft:cave_spider":3,"alexsmobs:tarantula_hawk":1,"minecraft:spider":3,"minecraft:vindicator":8,"alexsmobs:rattlesnake":1,"minecraft:skeleton":8,"minecraft:chicken":1,"alexsmobs:kangaroo":1,"minecraft:husk":8,"minecraft:pig":2,"minecraft:sheep":2,"minecraft:pillager":14,"minecraft:zombie":24},"minecraft:picked_up":{"minecraft:crafting_table":8,"minecraft:iron_chestplate":1,"minecraft:wheat":201,"minecraft:chicken":1,"minecraft:red_sandstone_stairs":4,"alexsmobs:emu_leggings":4,"alexsmobs:roadrunner_feather":2,"minecraft:gold_block":2,"minecraft:potion":2,"minecraft:shield":7,"minecraft:string":55,"aquaculture:pink_salmon":1,"alexsmobs:emu_feather":6,"minecraft:gold_nugget":3,"minecraft:iron_pickaxe":8,"minecraft:lectern":2,"minecraft:melon_slice":41,"minecraft:sugar_cane":21,"byg:golden_spined_cactus":2,"minecraft:iron_boots":5,"minecraft:stick":45,"minecraft:raw_iron":18,"minecraft:sandstone":29,"minecraft:music_disc_blocks":2,"minecraft:brown_terracotta":18,"minecraft:torch":203,"minecraft:green_bed":3,"minecraft:fire_charge":1,"minecraft:porkchop":12,"biomemakeover:cowboy_hat":8,"minecraft:dark_oak_planks":12,"minecraft:brown_carpet":2,"byg:biomepedia":5,"minecraft:arrow":12,"minecraft:rotten_flesh":67,"minecraft:stone_shovel":4,"minecraft:pumpkin_pie":6,"minecraft:hay_block":50,"minecraft:sandstone_stairs":1,"alexsmobs:emu_egg":9,"minecraft:mutton":4,"alexsmobs:kangaroo_meat":7,"minecraft:white_wool":2,"minecraft:cobblestone":66,"minecraft:feather":6,"minecraft:acacia_leaves":1,"minecraft:cut_sandstone":4,"minecraft:smoker":1,"minecraft:acacia_wood":4,"minecraft:potato":5,"biomesoplenty:fir_log":2,"minecraft:flint":1,"minecraft:oak_log":2,"minecraft:golden_boots":1,"minecraft:gunpowder":6,"minecraft:acacia_boat":11,"mca:book_romance":1,"minecraft:paper":4,"minecraft:dirt":56,"minecraft:white_banner":4,"minecraft:orange_terracotta":3,"minecraft:bone":18,"quark:music_disc_crickets":2,"minecraft:red_sandstone":1,"minecraft:wheat_seeds":385,"minecraft:raw_gold":104,"minecraft:iron_ingot":24,"minecraft:cooked_chicken":2,"minecraft:iron_sword":8,"minecraft:oak_planks":22,"aquaculture:gar":1,"minecraft:gravel":4,"minecraft:sand":9,"minecraft:red_terracotta":1,"alexsmobs:animal_dictionary":2,"alexsmobs:kangaroo_hide":2,"minecraft:diamond":6,"minecraft:iron_helmet":1,"minecraft:crossbow":5,"minecraft:bone_meal":1,"minecraft:emerald":11,"minecraft:bread":260,"minecraft:terracotta":11,"mca:book_infection":1,"minecraft:melon_seeds":2,"minecraft:dark_oak_fence":3,"minecraft:coal":225},"minecraft:custom":{"minecraft:mob_kills":76,"minecraft:interact_with_crafting_table":11,"minecraft:open_barrel":12,"minecraft:bell_ring":1,"minecraft:leave_game":20,"minecraft:time_since_death":17840,"minecraft:climb_one_cm":4571,"minecraft:sprint_one_cm":168729,"minecraft:walk_one_cm":1416231,"minecraft:damage_blocked_by_shield":2090,"minecraft:drop":56,"minecraft:play_time":330127,"minecraft:deaths":5,"minecraft:sneak_time":4734,"minecraft:walk_under_water_one_cm":19152,"minecraft:boat_one_cm":814515,"minecraft:jump":3508,"minecraft:walk_on_water_one_cm":43068,"minecraft:total_world_time":330127,"minecraft:interact_with_furnace":1,"minecraft:traded_with_villager":11,"minecraft:raid_trigger":1,"minecraft:interact_with_stonecutter":1,"minecraft:sleep_in_bed":10,"minecraft:time_since_rest":6215,"minecraft:damage_absorbed":467,"minecraft:damage_taken":4781,"minecraft:damage_dealt":14286,"minecraft:player_kills":1,"minecraft:swim_one_cm":49760,"minecraft:fly_one_cm":274295,"minecraft:open_chest":23,"minecraft:crouch_one_cm":11065,"minecraft:interact_with_smoker":4,"minecraft:fall_one_cm":77057}},"DataVersion":3120}