{"stats":{"minecraft:picked_up":{"minecraft:fishing_rod":1,"minecraft:iron_chestplate":1,"minecraft:crafting_table":6,"minecraft:wheat":18,"minecraft:chicken":4,"minecraft:lead":2,"minecraft:oak_stairs":13,"minecraft:enchanted_book":1,"minecraft:diamond_horse_armor":1,"minecraft:string":13,"minecraft:iron_leggings":1,"minecraft:pufferfish":1,"minecraft:beetroot":3,"minecraft:cobbled_deepslate":11,"minecraft:spruce_planks":2,"minecraft:beef":16,"minecraft:oak_boat":4,"minecraft:iron_pickaxe":1,"minecraft:sugar_cane":2,"minecraft:iron_boots":1,"minecraft:furnace":3,"minecraft:stick":5,"minecraft:raw_iron":175,"minecraft:composter":1,"minecraft:torch":11,"minecraft:bowl":1,"minecraft:diorite":2,"minecraft:redstone":4,"minecraft:arrow":10,"minecraft:rotten_flesh":17,"minecraft:tropical_fish":3,"minecraft:beetroot_seeds":3,"minecraft:hay_block":24,"minecraft:gold_ingot":3,"minecraft:white_terracotta":6,"minecraft:mutton":2,"minecraft:cobblestone":111,"minecraft:cod":31,"minecraft:rail":2,"minecraft:white_wool":7,"minecraft:stripped_oak_log":16,"minecraft:feather":4,"minecraft:cooked_beef":5,"minecraft:salmon":7,"minecraft:glow_ink_sac":4,"minecraft:tripwire_hook":1,"minecraft:andesite":10,"minecraft:leather":6,"minecraft:potato":3,"minecraft:birch_planks":1,"minecraft:flint":1,"minecraft:oak_log":60,"minecraft:lily_pad":1,"minecraft:cobblestone_stairs":1,"minecraft:lapis_lazuli":14,"minecraft:dirt":37,"minecraft:leather_boots":1,"minecraft:cooked_mutton":4,"minecraft:bone":18,"minecraft:bow":1,"minecraft:wheat_seeds":48,"minecraft:rabbit_hide":1,"minecraft:iron_ingot":29,"minecraft:cooked_chicken":5,"minecraft:iron_sword":2,"minecraft:oak_planks":305,"minecraft:oak_slab":2,"minecraft:pumpkin":10,"minecraft:cooked_porkchop":15,"minecraft:music_disc_13":2,"minecraft:dandelion":2,"minecraft:spruce_sapling":7,"minecraft:spruce_log":26,"minecraft:white_bed":1,"minecraft:grass_block":1,"minecraft:spider_eye":3,"minecraft:spruce_boat":7,"minecraft:iron_helmet":1,"minecraft:bone_meal":2,"minecraft:golden_horse_armor":1,"minecraft:baked_potato":3,"minecraft:melon_seeds":4,"minecraft:coal":99},"minecraft:used":{"minecraft:stone_sword":95,"minecraft:iron_shovel":5,"minecraft:shield":4,"minecraft:iron_sword":102,"minecraft:cooked_chicken":4,"minecraft:torch":26,"minecraft:dirt":10,"minecraft:snowball":1,"minecraft:spruce_boat":7,"minecraft:iron_axe":364,"minecraft:furnace":3,"minecraft:cooked_cod":2,"minecraft:beetroot_seeds":1,"minecraft:cooked_beef":10,"minecraft:potato":1,"minecraft:pumpkin":7,"minecraft:wheat_seeds":17,"minecraft:cooked_mutton":2,"minecraft:stone_pickaxe":128,"minecraft:baked_potato":3,"minecraft:oak_planks":1,"minecraft:wooden_pickaxe":4,"minecraft:composter":1,"minecraft:oak_slab":1,"minecraft:crafting_table":7,"minecraft:white_bed":2,"minecraft:spruce_log":3,"minecraft:bread":11,"minecraft:iron_pickaxe":139,"minecraft:fishing_rod":79,"minecraft:cobblestone":15,"minecraft:oak_boat":6},"minecraft:dropped":{"minecraft:bread":2,"minecraft:wheat_seeds":1,"minecraft:cooked_beef":1,"minecraft:cobblestone":20,"minecraft:bone_meal":2,"minecraft:bone":9},"minecraft:crafted":{"minecraft:oak_planks":324,"minecraft:fishing_rod":2,"minecraft:cooked_chicken":4,"minecraft:furnace":2,"minecraft:cooked_mutton":2,"minecraft:iron_boots":1,"minecraft:iron_axe":2,"minecraft:stone_pickaxe":1,"minecraft:spruce_boat":2,"minecraft:wheat":216,"minecraft:cooked_beef":9,"minecraft:sugar":1,"minecraft:cooked_cod":9,"minecraft:crossbow":1,"minecraft:emerald":33,"minecraft:crafting_table":4,"minecraft:spruce_planks":92,"minecraft:wooden_pickaxe":1,"minecraft:iron_helmet":1,"minecraft:iron_sword":1,"minecraft:bread":68,"minecraft:air":0,"minecraft:oak_boat":2,"minecraft:iron_chestplate":1,"minecraft:shield":1,"minecraft:stick":1096,"minecraft:iron_ingot":5,"minecraft:iron_pickaxe":1,"minecraft:stone_sword":1,"minecraft:iron_shovel":1,"minecraft:iron_leggings":1,"minecraft:torch":56},"minecraft:mined":{"minecraft:spruce_planks":1,"minecraft:white_bed":1,"minecraft:cobblestone_stairs":1,"minecraft:grass_block":6,"minecraft:spruce_leaves":8,"minecraft:composter":1,"minecraft:hay_block":24,"minecraft:furnace":2,"minecraft:iron_ore":108,"minecraft:andesite":4,"minecraft:pumpkin":10,"minecraft:potatoes":1,"minecraft:deepslate_iron_ore":2,"minecraft:oak_stairs":20,"minecraft:stripped_oak_log":16,"minecraft:stone":71,"minecraft:oak_slab":2,"minecraft:glass_pane":1,"minecraft:dandelion":3,"minecraft:crafting_table":5,"minecraft:torch":2,"minecraft:short_grass":18,"minecraft:tall_grass":1,"minecraft:cobblestone":5,"minecraft:lapis_ore":1,"minecraft:sugar_cane":1,"minecraft:oak_planks":271,"minecraft:sculk":1,"minecraft:diorite":1,"minecraft:wall_torch":1,"minecraft:white_terracotta":6,"minecraft:birch_planks":1,"minecraft:wheat":20,"minecraft:spruce_log":27,"minecraft:coal_ore":57,"minecraft:oak_log":60,"minecraft:beetroots":1,"minecraft:dirt":6,"minecraft:cobweb":2,"minecraft:oak_leaves":4,"minecraft:deepslate":8,"minecraft:fern":1},"minecraft:killed_by":{"minecraft:creeper":1},"minecraft:killed":{"minecraft:spider":6,"minecraft:skeleton":7,"minecraft:chicken":5,"minecraft:drowned":1,"minecraft:pig":8,"minecraft:wandering_trader":1,"minecraft:creeper":1,"minecraft:sheep":1,"minecraft:zombie":15,"minecraft:cow":7},"minecraft:custom":{"minecraft:interact_with_smithing_table":1,"minecraft:mob_kills":56,"minecraft:animals_bred":3,"minecraft:interact_with_crafting_table":29,"minecraft:interact_with_campfire":3,"minecraft:bell_ring":3,"minecraft:leave_game":10,"minecraft:time_since_death":126029,"minecraft:climb_one_cm":1144,"minecraft:sprint_one_cm":172381,"minecraft:walk_one_cm":1007200,"minecraft:damage_blocked_by_shield":100,"minecraft:drop":16,"minecraft:talked_to_villager":29,"minecraft:play_time":273110,"minecraft:deaths":3,"minecraft:sneak_time":13129,"minecraft:walk_under_water_one_cm":31627,"minecraft:boat_one_cm":423433,"minecraft:jump":2788,"minecraft:walk_on_water_one_cm":78525,"minecraft:total_world_time":273110,"minecraft:interact_with_furnace":24,"minecraft:traded_with_villager":34,"minecraft:sleep_in_bed":13,"minecraft:time_since_rest":18648,"minecraft:damage_taken":2713,"minecraft:damage_dealt":8587,"minecraft:swim_one_cm":31195,"minecraft:fly_one_cm":393090,"minecraft:open_chest":40,"minecraft:crouch_one_cm":41798,"minecraft:fish_caught":42,"minecraft:fall_one_cm":53524},"minecraft:broken":{"minecraft:iron_axe":1,"minecraft:fishing_rod":1}},"DataVersion":3955}