{"stats":{"minecraft:picked_up":{"minecraft:wheat":8,"minecraft:spruce_boat":3,"minecraft:wheat_seeds":24,"minecraft:spruce_sapling":1,"minecraft:spruce_log":5,"minecraft:sugar_cane":2,"minecraft:dirt":4},"minecraft:mined":{"minecraft:short_grass":6,"minecraft:grass_block":1,"minecraft:dirt":3,"minecraft:wheat":8,"minecraft:spruce_leaves":5,"minecraft:spruce_log":5,"minecraft:sugar_cane":1},"minecraft:used":{"minecraft:spruce_boat":3,"minecraft:dirt":4,"minecraft:crafting_table":1,"minecraft:bread":1,"minecraft:snowball":1,"minecraft:wheat_seeds":6},"minecraft:custom":{"minecraft:open_chest":2,"minecraft:time_since_rest":9637,"minecraft:interact_with_smithing_table":1,"minecraft:play_time":32385,"minecraft:interact_with_furnace":1,"minecraft:sprint_one_cm":20514,"minecraft:damage_taken":140,"minecraft:walk_one_cm":109432,"minecraft:bell_ring":3,"minecraft:sneak_time":186,"minecraft:walk_under_water_one_cm":4324,"minecraft:drop":2,"minecraft:boat_one_cm":60222,"minecraft:jump":197,"minecraft:walk_on_water_one_cm":6355,"minecraft:leave_game":2,"minecraft:time_since_death":32385,"minecraft:sleep_in_bed":3,"minecraft:total_world_time":32385,"minecraft:swim_one_cm":2780,"minecraft:interact_with_crafting_table":1,"minecraft:fall_one_cm":3224,"minecraft:fly_one_cm":42694},"minecraft:crafted":{"minecraft:spruce_boat":1,"minecraft:crafting_table":1,"minecraft:spruce_planks":20},"minecraft:dropped":{"minecraft:bread":2}},"DataVersion":3955}