{"stats":{"minecraft:custom":{"minecraft:crouch_one_cm":172,"minecraft:time_since_rest":28028,"minecraft:open_chest":2,"minecraft:interact_with_furnace":1,"minecraft:play_time":28028,"minecraft:sprint_one_cm":8640,"minecraft:damage_taken":114,"minecraft:walk_one_cm":146030,"minecraft:sneak_time":50,"minecraft:drop":4,"minecraft:jump":277,"minecraft:leave_game":1,"minecraft:time_since_death":28028,"minecraft:total_world_time":28028,"minecraft:interact_with_crafting_table":2,"minecraft:fall_one_cm":4732,"minecraft:fly_one_cm":15059},"minecraft:dropped":{"byg:biomepedia":1,"minecraft:iron_pickaxe":2,"minecraft:iron_helmet":1},"minecraft:crafted":{"minecraft:oak_planks":8,"minecraft:crafting_table":1,"minecraft:iron_pickaxe":1},"minecraft:used":{"minecraft:wheat_seeds":1,"minecraft:apple":1,"minecraft:crafting_table":1,"minecraft:bread":1,"minecraft:iron_pickaxe":3,"alexsmobs:animal_dictionary":1,"minecraft:iron_helmet":1,"minecraft:iron_boots":1},"minecraft:mined":{"minecraft:oak_log":2,"minecraft:dead_bush":8,"minecraft:wheat":1,"minecraft:terracotta":3,"minecraft:dark_oak_fence":1},"minecraft:picked_up":{"minecraft:stick":10,"byg:biomepedia":1,"minecraft:wheat":1,"minecraft:rotten_flesh":2,"minecraft:torch":1,"minecraft:wheat_seeds":2,"minecraft:oak_log":2,"minecraft:iron_pickaxe":1,"minecraft:terracotta":3,"minecraft:dark_oak_fence":1}},"DataVersion":3120}