{"stats":{"minecraft:used":{"alexsmobs:emu_egg":3,"minecraft:shield":47,"minecraft:iron_sword":237,"minecraft:cooked_chicken":1,"minecraft:torch":12,"minecraft:dirt":1,"minecraft:dark_oak_planks":12,"minecraft:iron_helmet":1,"minecraft:iron_boots":2,"minecraft:potato":5,"minecraft:orange_terracotta":1,"minecraft:wheat_seeds":82,"minecraft:acacia_boat":3,"minecraft:baked_potato":6,"minecraft:green_bed":1,"biomemakeover:cowboy_hat":2,"minecraft:terracotta":5,"minecraft:crafting_table":6,"minecraft:acacia_leaves":1,"minecraft:red_sandstone":1,"minecraft:apple":1,"minecraft:melon_slice":3,"minecraft:bread":38,"minecraft:iron_pickaxe":124,"alexsmobs:kangaroo_meat":3,"minecraft:red_terracotta":1,"minecraft:cobblestone":17,"minecraft:dark_oak_fence":1,"minecraft:pumpkin_pie":6,"alexsmobs:animal_dictionary":1,"minecraft:bone_meal":1},"minecraft:killed_by":{"minecraft:zombie":4},"minecraft:killed":{"mca:female_zombie_villager":1,"minecraft:cave_spider":3,"alexsmobs:tarantula_hawk":1,"minecraft:spider":2,"alexsmobs:rattlesnake":1,"minecraft:skeleton":6,"minecraft:chicken":1,"alexsmobs:kangaroo":1,"minecraft:husk":8,"minecraft:pillager":5,"minecraft:zombie":23},"minecraft:custom":{"minecraft:mob_kills":53,"minecraft:interact_with_crafting_table":11,"minecraft:open_barrel":3,"minecraft:bell_ring":1,"minecraft:leave_game":12,"minecraft:time_since_death":34791,"minecraft:climb_one_cm":3571,"minecraft:sprint_one_cm":120600,"minecraft:walk_one_cm":1240513,"minecraft:damage_blocked_by_shield":1680,"minecraft:drop":48,"minecraft:play_time":289513,"minecraft:deaths":4,"minecraft:sneak_time":3202,"minecraft:walk_under_water_one_cm":8808,"minecraft:boat_one_cm":560302,"minecraft:jump":2868,"minecraft:walk_on_water_one_cm":34919,"minecraft:total_world_time":289513,"minecraft:interact_with_furnace":1,"minecraft:traded_with_villager":11,"minecraft:interact_with_stonecutter":1,"minecraft:sleep_in_bed":6,"minecraft:time_since_rest":35786,"minecraft:damage_absorbed":147,"minecraft:damage_taken":3821,"minecraft:damage_dealt":9595,"minecraft:swim_one_cm":47878,"minecraft:fly_one_cm":189259,"minecraft:player_kills":1,"minecraft:open_chest":18,"minecraft:crouch_one_cm":8241,"minecraft:interact_with_smoker":4,"minecraft:fall_one_cm":66777},"minecraft:crafted":{"minecraft:oak_planks":8,"minecraft:cooked_chicken":1,"minecraft:iron_boots":1,"minecraft:wheat":333,"minecraft:crossbow":1,"minecraft:emerald":7,"minecraft:crafting_table":2,"minecraft:baked_potato":6,"minecraft:iron_sword":1,"minecraft:acacia_boat":2,"minecraft:bread":78,"minecraft:air":0,"minecraft:iron_chestplate":1,"minecraft:iron_pickaxe":1,"minecraft:pumpkin_pie":13,"minecraft:acacia_planks":16,"minecraft:torch":96},"minecraft:picked_up":{"minecraft:crafting_table":8,"minecraft:wheat":199,"minecraft:chicken":1,"minecraft:red_sandstone_stairs":4,"alexsmobs:emu_leggings":3,"alexsmobs:roadrunner_feather":2,"minecraft:gold_block":1,"minecraft:potion":2,"minecraft:shield":6,"minecraft:string":55,"alexsmobs:emu_feather":3,"minecraft:gold_nugget":3,"minecraft:iron_pickaxe":7,"minecraft:lectern":2,"minecraft:melon_slice":41,"minecraft:sugar_cane":21,"byg:golden_spined_cactus":1,"minecraft:iron_boots":4,"minecraft:stick":45,"minecraft:raw_iron":15,"minecraft:sandstone":29,"minecraft:music_disc_blocks":1,"minecraft:brown_terracotta":18,"minecraft:green_bed":3,"minecraft:torch":182,"biomemakeover:cowboy_hat":6,"minecraft:dark_oak_planks":12,"byg:biomepedia":5,"minecraft:arrow":8,"minecraft:rotten_flesh":67,"minecraft:stone_shovel":3,"minecraft:pumpkin_pie":6,"minecraft:hay_block":50,"minecraft:sandstone_stairs":1,"alexsmobs:emu_egg":9,"alexsmobs:kangaroo_meat":7,"minecraft:cobblestone":47,"minecraft:feather":5,"minecraft:cut_sandstone":4,"minecraft:acacia_leaves":1,"minecraft:acacia_wood":4,"minecraft:smoker":1,"minecraft:potato":5,"minecraft:oak_log":2,"minecraft:gunpowder":6,"minecraft:acacia_boat":2,"mca:book_romance":1,"minecraft:paper":4,"minecraft:dirt":54,"minecraft:white_banner":1,"minecraft:orange_terracotta":3,"minecraft:bone":11,"quark:music_disc_crickets":1,"minecraft:red_sandstone":1,"minecraft:wheat_seeds":383,"minecraft:raw_gold":87,"minecraft:iron_ingot":24,"minecraft:cooked_chicken":2,"minecraft:oak_planks":20,"minecraft:iron_sword":6,"aquaculture:gar":1,"minecraft:sand":9,"alexsmobs:animal_dictionary":2,"minecraft:red_terracotta":1,"alexsmobs:kangaroo_hide":2,"minecraft:diamond":5,"minecraft:iron_helmet":1,"minecraft:crossbow":2,"minecraft:bone_meal":1,"minecraft:emerald":9,"minecraft:bread":244,"minecraft:terracotta":11,"mca:book_infection":1,"minecraft:melon_seeds":2,"minecraft:dark_oak_fence":3,"minecraft:coal":186},"minecraft:mined":{"biomesoplenty:desert_grass":1,"minecraft:dark_oak_fence":2,"biomesoplenty:bush":6,"minecraft:grass_block":1,"minecraft:red_sandstone_stairs":2,"minecraft:sandstone":7,"biomesoplenty:dune_grass":3,"minecraft:sandstone_stairs":1,"minecraft:hay_block":39,"minecraft:red_sandstone":2,"minecraft:iron_ore":3,"minecraft:acacia_wood":4,"minecraft:gold_block":1,"minecraft:stone":13,"minecraft:green_bed":1,"minecraft:glass_pane":1,"minecraft:red_sandstone_slab":1,"byg:golden_spined_cactus":1,"minecraft:orange_terracotta":3,"minecraft:crafting_table":4,"minecraft:torch":1,"minecraft:melon":1,"minecraft:dead_bush":9,"minecraft:lectern":1,"minecraft:wheat":55,"minecraft:grass":9,"minecraft:oak_log":2,"minecraft:coal_ore":35,"minecraft:sand":2,"minecraft:cobweb":1,"minecraft:brown_terracotta":1,"minecraft:terracotta":12,"minecraft:gold_ore":35},"minecraft:dropped":{"byg:biomepedia":2,"minecraft:iron_ingot":10,"minecraft:bread":87,"minecraft:iron_sword":1,"minecraft:wheat_seeds":93,"alexsmobs:kangaroo_meat":1,"minecraft:iron_helmet":1,"alexsmobs:roadrunner_feather":1,"aquaculture:gar":1,"minecraft:dark_oak_fence":1,"minecraft:melon_slice":20,"minecraft:cut_sandstone":4,"minecraft:potion":1,"minecraft:pumpkin_pie":3,"minecraft:gold_nugget":3,"minecraft:sand":9,"minecraft:iron_pickaxe":3,"minecraft:paper":1,"minecraft:string":47,"minecraft:sugar_cane":7,"alexsmobs:animal_dictionary":1,"minecraft:wheat":1,"minecraft:rotten_flesh":31,"minecraft:oak_planks":20,"minecraft:iron_boots":1,"minecraft:smoker":1,"alexsmobs:kangaroo_hide":2,"minecraft:potato":5,"minecraft:hay_block":13,"minecraft:shield":1,"minecraft:gunpowder":2,"minecraft:melon_seeds":2,"minecraft:sandstone":29,"minecraft:red_sandstone_stairs":2,"biomemakeover:cowboy_hat":1}},"DataVersion":3120}