{"stats":{"minecraft:killed":{"minecraft:spider":2,"minecraft:skeleton":1,"minecraft:zombie":4,"minecraft:cow":6},"minecraft:picked_up":{"minecraft:crafting_table":1,"minecraft:wheat":13,"minecraft:cooked_beef":1,"minecraft:andesite":2,"minecraft:leather":3,"minecraft:potato":3,"minecraft:dirt":8,"minecraft:string":2,"minecraft:bone":2,"minecraft:beetroot":1,"minecraft:wheat_seeds":46,"minecraft:spruce_planks":1,"minecraft:beef":16,"minecraft:sugar_cane":2,"minecraft:furnace":1,"minecraft:raw_iron":13,"minecraft:stick":3,"minecraft:pumpkin":4,"minecraft:composter":1,"minecraft:torch":1,"minecraft:spruce_sapling":6,"minecraft:spruce_log":23,"minecraft:spider_eye":1,"minecraft:arrow":2,"minecraft:rotten_flesh":3,"minecraft:beetroot_seeds":3,"minecraft:spruce_boat":6,"minecraft:baked_potato":3,"minecraft:coal":56,"minecraft:cobblestone":41},"minecraft:mined":{"minecraft:crafting_table":1,"minecraft:torch":1,"minecraft:short_grass":8,"minecraft:grass_block":1,"minecraft:cobblestone":1,"minecraft:spruce_leaves":7,"minecraft:sugar_cane":1,"minecraft:composter":1,"minecraft:furnace":1,"minecraft:iron_ore":13,"minecraft:wheat":19,"minecraft:spruce_log":24,"minecraft:pumpkin":4,"minecraft:potatoes":1,"minecraft:coal_ore":37,"minecraft:beetroots":1,"minecraft:dirt":3,"minecraft:stone":30,"minecraft:fern":1},"minecraft:used":{"minecraft:wheat_seeds":15,"minecraft:stone_sword":49,"minecraft:stone_pickaxe":78,"minecraft:baked_potato":3,"minecraft:wooden_pickaxe":4,"minecraft:composter":1,"minecraft:torch":7,"minecraft:dirt":8,"minecraft:crafting_table":3,"minecraft:snowball":1,"minecraft:spruce_log":3,"minecraft:spruce_boat":6,"minecraft:bread":5,"minecraft:cobblestone":4,"minecraft:furnace":1,"minecraft:beetroot_seeds":1,"minecraft:cooked_beef":3,"minecraft:potato":1},"minecraft:custom":{"minecraft:interact_with_smithing_table":1,"minecraft:interact_with_furnace":5,"minecraft:mob_kills":13,"minecraft:interact_with_crafting_table":9,"minecraft:interact_with_campfire":3,"minecraft:bell_ring":3,"minecraft:leave_game":3,"minecraft:time_since_death":91964,"minecraft:sleep_in_bed":4,"minecraft:time_since_rest":52829,"minecraft:sprint_one_cm":47337,"minecraft:damage_taken":663,"minecraft:walk_one_cm":328818,"minecraft:drop":3,"minecraft:damage_dealt":1846,"minecraft:swim_one_cm":2780,"minecraft:fly_one_cm":68742,"minecraft:open_chest":8,"minecraft:crouch_one_cm":3448,"minecraft:play_time":91964,"minecraft:sneak_time":2225,"minecraft:walk_under_water_one_cm":6703,"minecraft:boat_one_cm":137876,"minecraft:jump":695,"minecraft:walk_on_water_one_cm":18161,"minecraft:total_world_time":91964,"minecraft:fall_one_cm":11659},"minecraft:crafted":{"minecraft:cooked_beef":9,"minecraft:sugar":1,"minecraft:crafting_table":3,"minecraft:spruce_planks":80,"minecraft:wooden_pickaxe":1,"minecraft:furnace":1,"minecraft:bread":4,"minecraft:air":0,"minecraft:stick":8,"minecraft:stone_pickaxe":1,"minecraft:stone_sword":1,"minecraft:spruce_boat":1,"minecraft:torch":24},"minecraft:dropped":{"minecraft:bread":2,"minecraft:wheat_seeds":1}},"DataVersion":3955}