{"stats":{"minecraft:broken":{"alexsmobs:emu_leggings":1,"minecraft:iron_pickaxe":1,"aether:leather_gloves":1},"minecraft:mined":{"minecraft:dark_oak_planks":1,"minecraft:spruce_planks":3,"minecraft:grass_block":7,"minecraft:sandstone_stairs":1,"minecraft:iron_ore":16,"minecraft:cobbled_deepslate":3,"minecraft:fire":1,"minecraft:deepslate_lapis_ore":5,"minecraft:pointed_dripstone":1,"minecraft:dirt_path":2,"minecraft:iron_bars":2,"minecraft:green_bed":1,"minecraft:deepslate_redstone_ore":7,"byg:golden_spined_cactus":1,"minecraft:orange_terracotta":3,"minecraft:powder_snow":118,"minecraft:torch":4,"minecraft:melon":1,"minecraft:dead_bush":9,"minecraft:cobblestone":8,"blue_skies:lunar_grass":1,"minecraft:oak_planks":2,"minecraft:wall_torch":6,"minecraft:wheat":63,"biomesoplenty:fir_log":2,"minecraft:grass":59,"minecraft:oak_log":2,"minecraft:sand":2,"minecraft:dirt":1,"minecraft:dispenser":1,"minecraft:deepslate":266,"minecraft:tuff":4,"minecraft:mossy_cobblestone":1,"minecraft:deepslate_diamond_ore":16,"biomesoplenty:desert_grass":1,"minecraft:dark_oak_fence":2,"biomesoplenty:bush":7,"minecraft:red_sandstone_stairs":2,"travelersbackpack:white_sleeping_bag":6,"minecraft:spruce_leaves":18,"minecraft:sandstone":7,"biomesoplenty:dune_grass":3,"minecraft:large_fern":2,"minecraft:hay_block":39,"minecraft:red_sandstone":2,"minecraft:snow":50,"minecraft:acacia_wood":4,"minecraft:gold_block":1,"minecraft:deepslate_iron_ore":7,"minecraft:stone":32,"byg:white_puffball":1,"minecraft:oak_slab":1,"minecraft:light_gray_carpet":1,"minecraft:glass_pane":2,"minecraft:red_sandstone_slab":1,"minecraft:brown_carpet":2,"minecraft:crafting_table":5,"minecraft:lectern":1,"minecraft:tall_grass":1,"minecraft:lapis_ore":1,"minecraft:ice":1,"minecraft:white_carpet":3,"minecraft:spruce_log":79,"minecraft:coal_ore":47,"minecraft:gravel":5,"minecraft:cobweb":2,"minecraft:brown_terracotta":1,"minecraft:terracotta":12,"minecraft:acacia_planks":1,"minecraft:gold_ore":35,"minecraft:fern":4},"minecraft:crafted":{"minecraft:oak_planks":8,"minecraft:cooked_chicken":1,"minecraft:glass":3,"minecraft:iron_boots":3,"minecraft:stone_hoe":1,"blue_skies:blue_journal":2,"minecraft:emerald":7,"minecraft:cooked_porkchop":6,"minecraft:crafting_table":2,"minecraft:spruce_planks":28,"minecraft:iron_helmet":2,"minecraft:baked_potato":6,"minecraft:iron_chestplate":1,"minecraft:charcoal":8,"minecraft:shield":1,"minecraft:stick":16,"minecraft:iron_ingot":45,"minecraft:iron_pickaxe":3,"blue_skies:zeal_lighter":1,"minecraft:bone_meal":15,"minecraft:iron_axe":2,"minecraft:wheat":333,"minecraft:cooked_beef":3,"minecraft:crossbow":1,"minecraft:iron_sword":2,"minecraft:acacia_boat":2,"minecraft:bread":80,"minecraft:air":0,"minecraft:iron_shovel":1,"minecraft:iron_leggings":1,"minecraft:pumpkin_pie":13,"minecraft:acacia_planks":16,"minecraft:torch":128},"minecraft:dropped":{"byg:biomepedia":2,"minecraft:iron_sword":2,"alexsmobs:kangaroo_meat":1,"minecraft:flint":1,"minecraft:dirt":3,"blue_skies:blue_journal":1,"alexsmobs:roadrunner_feather":1,"minecraft:dark_oak_fence":1,"aquaculture:gar":1,"minecraft:cut_sandstone":4,"minecraft:snowball":15,"minecraft:pumpkin_pie":3,"minecraft:gold_nugget":3,"alexsmobs:emu_feather":3,"minecraft:sand":9,"minecraft:iron_pickaxe":3,"minecraft:bone":6,"minecraft:gravel":4,"minecraft:sugar_cane":9,"minecraft:cobbled_deepslate":1,"alexsmobs:animal_dictionary":1,"minecraft:wheat":1,"blue_skies:scalefruit_seeds":1,"minecraft:rotten_flesh":37,"minecraft:oak_planks":20,"alexsmobs:kangaroo_hide":2,"minecraft:gunpowder":2,"minecraft:melon_seeds":2,"minecraft:iron_ingot":10,"minecraft:bread":87,"minecraft:wheat_seeds":93,"minecraft:iron_helmet":2,"minecraft:cobblestone":6,"minecraft:melon_slice":20,"minecraft:potion":1,"minecraft:paper":1,"minecraft:string":48,"minecraft:tuff":3,"minecraft:iron_boots":2,"minecraft:smoker":1,"minecraft:diamond_sword":1,"minecraft:potato":5,"minecraft:hay_block":13,"minecraft:shield":3,"minecraft:spruce_log":50,"minecraft:sandstone":29,"minecraft:red_sandstone_stairs":2,"biomemakeover:cowboy_hat":2},"minecraft:used":{"alexsmobs:emu_egg":3,"minecraft:iron_shovel":50,"minecraft:shield":78,"minecraft:iron_sword":664,"minecraft:rotten_flesh":4,"minecraft:iron_chestplate":3,"minecraft:carrot":1,"minecraft:snowball":4,"minecraft:glass":3,"minecraft:iron_helmet":2,"minecraft:red_carpet":1,"minecraft:beetroot_seeds":4,"minecraft:potato":20,"minecraft:oak_planks":2,"minecraft:white_wool":2,"minecraft:golden_apple":2,"biomemakeover:cowboy_hat":2,"minecraft:acacia_leaves":1,"minecraft:crossbow":11,"minecraft:red_sandstone":1,"minecraft:bread":70,"minecraft:melon_slice":3,"minecraft:red_terracotta":1,"minecraft:dark_oak_fence":1,"minecraft:bone_meal":16,"minecraft:iron_bars":3,"minecraft:stone_shovel":2,"minecraft:spruce_planks":3,"minecraft:cooked_chicken":1,"minecraft:torch":70,"minecraft:dirt":17,"minecraft:white_carpet":2,"blue_skies:zeal_lighter":2,"minecraft:dark_oak_planks":12,"minecraft:iron_axe":79,"minecraft:iron_boots":5,"minecraft:totem_of_undying":1,"minecraft:cooked_beef":3,"minecraft:acacia_planks":1,"minecraft:cobbled_deepslate":33,"minecraft:orange_terracotta":3,"minecraft:iron_leggings":4,"minecraft:wheat_seeds":114,"minecraft:acacia_boat":16,"minecraft:sandstone_stairs":1,"minecraft:baked_potato":7,"minecraft:green_bed":1,"minecraft:terracotta":5,"minecraft:crafting_table":6,"minecraft:spruce_log":7,"minecraft:apple":1,"alexsmobs:kangaroo_meat":4,"minecraft:iron_pickaxe":493,"travelersbackpack:white_sleeping_bag":5,"minecraft:spruce_sapling":8,"minecraft:cobblestone":40,"minecraft:cooked_porkchop":3,"minecraft:porkchop":1,"minecraft:pumpkin_pie":6,"alexsmobs:animal_dictionary":1,"alexsmobs:emu_leggings":1,"minecraft:splash_potion":1},"minecraft:killed_by":{"minecraft:creeper":3,"minecraft:pillager":3,"alexsmobs:tusklin":5,"minecraft:vindicator":5,"minecraft:zombie":4,"minecraft:vex":1,"alexsmobs:centipede_head":1},"minecraft:killed":{"minecraft:cave_spider":3,"minecraft:witch":2,"minecraft:spider":4,"minecraft:skeleton":12,"minecraft:chicken":1,"alexsmobs:kangaroo":1,"minecraft:pig":2,"minecraft:sheep":2,"minecraft:pillager":25,"minecraft:zombie":46,"mca:male_villager":1,"minecraft:cow":1,"mca:female_zombie_villager":1,"minecraft:vex":2,"alexsmobs:tarantula_hawk":1,"minecraft:vindicator":11,"alexsmobs:rattlesnake":1,"minecraft:husk":8},"minecraft:picked_up":{"minecraft:iron_chestplate":13,"minecraft:wheat":254,"minecraft:red_sandstone_stairs":4,"alexsmobs:emu_leggings":6,"minecraft:diamond_sword":1,"aether:iron_gloves":4,"minecraft:potion":2,"minecraft:enchanted_book":28,"minecraft:string":56,"minecraft:iron_leggings":18,"byg:blue_rose_bush":1,"alexsmobs:emu_feather":6,"minecraft:gold_nugget":3,"minecraft:cobbled_deepslate":280,"minecraft:spruce_planks":75,"minecraft:iron_pickaxe":21,"minecraft:melon_slice":41,"minecraft:iron_boots":16,"minecraft:stick":69,"minecraft:music_disc_blocks":7,"minecraft:brown_terracotta":18,"minecraft:green_bed":3,"minecraft:torch":502,"minecraft:porkchop":26,"minecraft:pointed_dripstone":2,"biomemakeover:cowboy_hat":13,"minecraft:brown_carpet":4,"minecraft:rotten_flesh":97,"alexsmobs:emu_egg":9,"minecraft:snowball":84,"minecraft:iron_bars":3,"minecraft:cobblestone":88,"minecraft:feather":10,"minecraft:acacia_leaves":1,"minecraft:smoker":1,"minecraft:potato":15,"minecraft:flint":1,"biomesoplenty:fir_log":2,"minecraft:tuff":4,"minecraft:acacia_boat":18,"minecraft:lapis_lazuli":77,"minecraft:dirt":73,"minecraft:bone":40,"minecraft:acacia_planks":1,"minecraft:wheat_seeds":418,"minecraft:raw_gold":316,"minecraft:oak_planks":22,"aquaculture:gar":1,"minecraft:sand":9,"minecraft:red_terracotta":1,"alexsmobs:animal_dictionary":2,"minecraft:mossy_cobblestone":1,"travelersbackpack:white_sleeping_bag":34,"alexsmobs:kangaroo_hide":2,"minecraft:diamond":50,"minecraft:crossbow":23,"minecraft:bone_meal":1,"minecraft:bread":277,"minecraft:emerald":102,"minecraft:light_gray_carpet":1,"minecraft:dark_oak_fence":3,"minecraft:crafting_table":11,"minecraft:chicken":1,"minecraft:golden_pickaxe":1,"alexsmobs:roadrunner_feather":2,"minecraft:gold_block":11,"minecraft:shield":28,"aether:leather_gloves":2,"minecraft:iron_axe":19,"minecraft:white_carpet":47,"aquaculture:pink_salmon":1,"minecraft:beef":3,"minecraft:lectern":2,"minecraft:sugar_cane":23,"byg:golden_spined_cactus":2,"minecraft:raw_iron":86,"minecraft:sandstone":29,"minecraft:fire_charge":1,"minecraft:carrot":3,"minecraft:redstone":48,"minecraft:dark_oak_planks":13,"mca:book_blueprint":13,"byg:biomepedia":5,"minecraft:arrow":45,"minecraft:stone_shovel":15,"minecraft:pumpkin_pie":6,"blue_skies:scalefruit_seeds":1,"minecraft:hay_block":50,"minecraft:sandstone_stairs":1,"minecraft:mutton":12,"alexsmobs:kangaroo_meat":7,"minecraft:white_wool":2,"minecraft:tripwire_hook":8,"minecraft:cut_sandstone":4,"minecraft:music_disc_stal":1,"minecraft:acacia_wood":4,"minecraft:oak_log":2,"minecraft:golden_boots":14,"minecraft:gunpowder":6,"mca:book_romance":1,"minecraft:paper":4,"minecraft:white_banner":7,"minecraft:orange_terracotta":3,"minecraft:red_carpet":1,"quark:music_disc_crickets":16,"minecraft:stone_bricks":8,"minecraft:red_sandstone":1,"minecraft:iron_ingot":285,"minecraft:cooked_chicken":2,"minecraft:cobweb":9,"minecraft:iron_sword":32,"minecraft:book":2,"minecraft:gravel":4,"minecraft:spruce_sapling":10,"minecraft:spruce_log":76,"minecraft:spider_eye":1,"blue_skies:zeal_lighter":2,"minecraft:iron_helmet":4,"minecraft:terracotta":11,"minecraft:baked_potato":4,"mca:book_infection":1,"minecraft:melon_seeds":2,"minecraft:coal":325},"minecraft:custom":{"minecraft:animals_bred":3,"minecraft:interact_with_crafting_table":22,"minecraft:open_barrel":22,"minecraft:bell_ring":1,"minecraft:leave_game":25,"minecraft:time_since_death":72194,"minecraft:sprint_one_cm":333325,"minecraft:damage_blocked_by_shield":3060,"minecraft:drop":73,"minecraft:talked_to_villager":1,"minecraft:play_time":554846,"minecraft:deaths":23,"minecraft:jump":5664,"minecraft:interact_with_brewingstand":3,"minecraft:walk_on_water_one_cm":58009,"minecraft:interact_with_furnace":20,"minecraft:traded_with_villager":15,"minecraft:sleep_in_bed":22,"minecraft:waystone_activated":2,"minecraft:damage_dealt":26015,"minecraft:player_kills":1,"minecraft:crouch_one_cm":28028,"minecraft:interact_with_smoker":9,"minecraft:interact_with_smithing_table":1,"minecraft:mob_kills":124,"minecraft:interact_with_campfire":4,"minecraft:climb_one_cm":8539,"minecraft:walk_one_cm":2372438,"minecraft:sneak_time":12845,"minecraft:walk_under_water_one_cm":31730,"minecraft:boat_one_cm":1019406,"minecraft:total_world_time":554846,"minecraft:raid_trigger":1,"minecraft:interact_with_stonecutter":1,"minecraft:time_since_rest":5938,"minecraft:damage_taken":11797,"minecraft:damage_absorbed":730,"minecraft:swim_one_cm":51702,"minecraft:fly_one_cm":543924,"minecraft:open_chest":69,"minecraft:fall_one_cm":124148}},"DataVersion":3120}