{"stats":{"minecraft:crafted":{"minecraft:oak_planks":8,"minecraft:emerald":7,"minecraft:crafting_table":2,"minecraft:baked_potato":6,"minecraft:cooked_chicken":1,"minecraft:iron_sword":1,"minecraft:bread":67,"minecraft:air":0,"minecraft:iron_pickaxe":1,"minecraft:pumpkin_pie":13,"minecraft:torch":96,"minecraft:wheat":333},"minecraft:mined":{"minecraft:red_sandstone_slab":1,"biomesoplenty:desert_grass":1,"minecraft:orange_terracotta":1,"minecraft:torch":1,"minecraft:crafting_table":2,"minecraft:dark_oak_fence":1,"biomesoplenty:bush":6,"minecraft:grass_block":1,"minecraft:dead_bush":8,"minecraft:lectern":1,"minecraft:red_sandstone_stairs":2,"minecraft:hay_block":39,"minecraft:iron_ore":3,"minecraft:red_sandstone":2,"minecraft:wheat":55,"minecraft:grass":9,"minecraft:coal_ore":35,"minecraft:oak_log":2,"minecraft:sand":2,"minecraft:cobweb":1,"minecraft:brown_terracotta":1,"minecraft:terracotta":12,"minecraft:stone":13,"minecraft:gold_ore":35,"minecraft:green_bed":1},"minecraft:dropped":{"byg:biomepedia":1,"minecraft:bread":61,"minecraft:iron_sword":1,"minecraft:wheat_seeds":29,"alexsmobs:animal_dictionary":1,"minecraft:wheat":1,"minecraft:iron_helmet":1,"minecraft:rotten_flesh":14,"minecraft:oak_planks":20,"minecraft:smoker":1,"alexsmobs:kangaroo_hide":2,"minecraft:potato":5,"minecraft:hay_block":13,"minecraft:shield":1,"alexsmobs:roadrunner_feather":1,"aquaculture:gar":1,"minecraft:dark_oak_fence":1,"minecraft:melon_seeds":2,"minecraft:melon_slice":15,"minecraft:potion":1,"minecraft:gold_nugget":3,"minecraft:iron_pickaxe":3,"minecraft:string":45,"minecraft:red_sandstone_stairs":2,"biomemakeover:cowboy_hat":1},"minecraft:killed_by":{"minecraft:zombie":2},"minecraft:custom":{"minecraft:interact_with_furnace":1,"minecraft:mob_kills":34,"minecraft:traded_with_villager":11,"minecraft:interact_with_crafting_table":5,"minecraft:open_barrel":3,"minecraft:bell_ring":1,"minecraft:interact_with_stonecutter":1,"minecraft:leave_game":9,"minecraft:time_since_death":57718,"minecraft:sleep_in_bed":6,"minecraft:climb_one_cm":3571,"minecraft:time_since_rest":17892,"minecraft:sprint_one_cm":97376,"minecraft:damage_taken":2806,"minecraft:walk_one_cm":966269,"minecraft:damage_blocked_by_shield":1530,"minecraft:drop":29,"minecraft:damage_dealt":6019,"minecraft:player_kills":1,"minecraft:swim_one_cm":47878,"minecraft:fly_one_cm":161775,"minecraft:open_chest":15,"minecraft:play_time":201640,"minecraft:crouch_one_cm":7656,"minecraft:deaths":2,"minecraft:sneak_time":2934,"minecraft:walk_under_water_one_cm":8089,"minecraft:jump":2447,"minecraft:walk_on_water_one_cm":32774,"minecraft:total_world_time":201640,"minecraft:interact_with_smoker":4,"minecraft:fall_one_cm":59726},"minecraft:picked_up":{"minecraft:crafting_table":4,"minecraft:wheat":142,"minecraft:feather":4,"minecraft:chicken":1,"minecraft:red_sandstone_stairs":4,"alexsmobs:emu_leggings":1,"minecraft:acacia_leaves":1,"alexsmobs:roadrunner_feather":2,"minecraft:smoker":1,"minecraft:potato":5,"minecraft:potion":2,"minecraft:oak_log":2,"minecraft:shield":4,"minecraft:gunpowder":2,"mca:book_romance":1,"minecraft:string":53,"minecraft:dirt":53,"minecraft:paper":2,"minecraft:orange_terracotta":1,"minecraft:bone":3,"minecraft:red_sandstone":1,"minecraft:wheat_seeds":253,"minecraft:gold_nugget":3,"minecraft:raw_gold":53,"minecraft:iron_ingot":2,"minecraft:cooked_chicken":2,"minecraft:iron_pickaxe":5,"minecraft:lectern":2,"minecraft:melon_slice":30,"minecraft:sugar_cane":7,"minecraft:iron_sword":3,"minecraft:oak_planks":20,"minecraft:iron_boots":2,"minecraft:raw_iron":9,"minecraft:stick":45,"aquaculture:gar":1,"minecraft:brown_terracotta":6,"minecraft:torch":6,"minecraft:green_bed":3,"biomemakeover:cowboy_hat":4,"minecraft:red_terracotta":1,"alexsmobs:animal_dictionary":2,"minecraft:dark_oak_planks":12,"byg:biomepedia":3,"alexsmobs:kangaroo_hide":2,"minecraft:arrow":2,"minecraft:stone_shovel":1,"minecraft:rotten_flesh":35,"minecraft:diamond":3,"minecraft:hay_block":50,"minecraft:iron_helmet":1,"minecraft:bone_meal":1,"alexsmobs:emu_egg":9,"minecraft:bread":157,"minecraft:emerald":9,"minecraft:terracotta":11,"mca:book_infection":1,"minecraft:melon_seeds":2,"minecraft:dark_oak_fence":2,"minecraft:coal":108,"alexsmobs:kangaroo_meat":2,"minecraft:cobblestone":47},"minecraft:used":{"alexsmobs:emu_egg":3,"minecraft:wheat_seeds":82,"minecraft:baked_potato":6,"minecraft:shield":42,"minecraft:iron_sword":138,"minecraft:green_bed":1,"minecraft:cooked_chicken":1,"minecraft:torch":12,"minecraft:dirt":1,"minecraft:terracotta":5,"minecraft:crafting_table":3,"minecraft:acacia_leaves":1,"minecraft:dark_oak_planks":12,"minecraft:red_sandstone":1,"minecraft:apple":1,"minecraft:bread":32,"minecraft:iron_pickaxe":113,"minecraft:iron_helmet":1,"minecraft:red_terracotta":1,"minecraft:iron_boots":1,"minecraft:cobblestone":17,"minecraft:orange_terracotta":1,"alexsmobs:animal_dictionary":1,"minecraft:pumpkin_pie":6,"minecraft:potato":5,"minecraft:bone_meal":1},"minecraft:killed":{"mca:female_zombie_villager":1,"minecraft:husk":8,"minecraft:cave_spider":3,"minecraft:spider":2,"alexsmobs:rattlesnake":1,"minecraft:skeleton":5,"minecraft:zombie":14,"minecraft:chicken":1}},"DataVersion":3120}