{"stats":{"minecraft:picked_up":{"minecraft:wheat":9,"minecraft:pumpkin":4,"minecraft:composter":1,"minecraft:torch":1,"minecraft:spruce_sapling":1,"minecraft:spruce_log":23,"minecraft:dirt":8,"minecraft:rotten_flesh":1,"minecraft:spruce_boat":3,"minecraft:wheat_seeds":27,"minecraft:spruce_planks":1,"minecraft:sugar_cane":2,"minecraft:cobblestone":6},"minecraft:mined":{"minecraft:wheat":9,"minecraft:spruce_log":24,"minecraft:pumpkin":4,"minecraft:torch":1,"minecraft:short_grass":6,"minecraft:grass_block":1,"minecraft:dirt":3,"minecraft:spruce_leaves":7,"minecraft:stone":6,"minecraft:composter":1,"minecraft:sugar_cane":1},"minecraft:used":{"minecraft:spruce_boat":3,"minecraft:wheat_seeds":6,"minecraft:bread":3,"minecraft:stone_pickaxe":2,"minecraft:wooden_pickaxe":4,"minecraft:composter":1,"minecraft:dirt":8,"minecraft:crafting_table":2,"minecraft:beetroot_seeds":1,"minecraft:potato":1,"minecraft:snowball":1,"minecraft:spruce_log":3},"minecraft:custom":{"minecraft:interact_with_smithing_table":1,"minecraft:time_since_rest":29250,"minecraft:interact_with_furnace":1,"minecraft:sprint_one_cm":26107,"minecraft:damage_taken":250,"minecraft:walk_one_cm":209485,"minecraft:drop":2,"minecraft:damage_dealt":16,"minecraft:swim_one_cm":2780,"minecraft:interact_with_crafting_table":5,"minecraft:fly_one_cm":47158,"minecraft:open_chest":7,"minecraft:crouch_one_cm":1001,"minecraft:play_time":68385,"minecraft:sneak_time":717,"minecraft:bell_ring":3,"minecraft:walk_under_water_one_cm":5421,"minecraft:boat_one_cm":60222,"minecraft:jump":327,"minecraft:leave_game":2,"minecraft:time_since_death":68385,"minecraft:walk_on_water_one_cm":11204,"minecraft:sleep_in_bed":4,"minecraft:total_world_time":68385,"minecraft:fall_one_cm":5262},"minecraft:crafted":{"minecraft:sugar":1,"minecraft:crafting_table":2,"minecraft:stick":8,"minecraft:spruce_planks":80,"minecraft:wooden_pickaxe":1,"minecraft:stone_pickaxe":1,"minecraft:stone_sword":1,"minecraft:spruce_boat":1,"minecraft:bread":2},"minecraft:dropped":{"minecraft:bread":2}},"DataVersion":3955}