{"stats":{"minecraft:killed":{"minecraft:skeleton":1,"minecraft:cow":1},"minecraft:picked_up":{"minecraft:stick":3,"minecraft:wheat":13,"minecraft:pumpkin":4,"minecraft:composter":1,"minecraft:leather":1,"minecraft:torch":1,"minecraft:potato":3,"minecraft:spruce_sapling":6,"minecraft:spruce_log":23,"minecraft:dirt":8,"minecraft:beetroot":1,"minecraft:bone":2,"minecraft:arrow":2,"minecraft:rotten_flesh":1,"minecraft:beetroot_seeds":3,"minecraft:spruce_boat":6,"minecraft:wheat_seeds":46,"minecraft:spruce_planks":1,"minecraft:beef":3,"minecraft:baked_potato":3,"minecraft:sugar_cane":2,"minecraft:coal":21,"minecraft:cobblestone":27},"minecraft:mined":{"minecraft:wheat":19,"minecraft:spruce_log":24,"minecraft:pumpkin":4,"minecraft:torch":1,"minecraft:coal_ore":22,"minecraft:short_grass":6,"minecraft:potatoes":1,"minecraft:grass_block":1,"minecraft:beetroots":1,"minecraft:dirt":3,"minecraft:spruce_leaves":7,"minecraft:stone":22,"minecraft:composter":1,"minecraft:sugar_cane":1,"minecraft:fern":1},"minecraft:used":{"minecraft:spruce_boat":6,"minecraft:wheat_seeds":15,"minecraft:stone_sword":9,"minecraft:bread":5,"minecraft:stone_pickaxe":40,"minecraft:baked_potato":3,"minecraft:wooden_pickaxe":4,"minecraft:composter":1,"minecraft:dirt":8,"minecraft:crafting_table":2,"minecraft:beetroot_seeds":1,"minecraft:potato":1,"minecraft:snowball":1,"minecraft:spruce_log":3},"minecraft:custom":{"minecraft:interact_with_smithing_table":1,"minecraft:time_since_rest":40860,"minecraft:interact_with_furnace":1,"minecraft:sprint_one_cm":43421,"minecraft:damage_taken":401,"minecraft:walk_one_cm":255822,"minecraft:mob_kills":2,"minecraft:drop":3,"minecraft:damage_dealt":316,"minecraft:swim_one_cm":2780,"minecraft:interact_with_crafting_table":8,"minecraft:fly_one_cm":64201,"minecraft:open_chest":8,"minecraft:interact_with_campfire":3,"minecraft:crouch_one_cm":1434,"minecraft:play_time":79995,"minecraft:sneak_time":1310,"minecraft:bell_ring":3,"minecraft:walk_under_water_one_cm":6703,"minecraft:boat_one_cm":137876,"minecraft:jump":503,"minecraft:leave_game":3,"minecraft:time_since_death":79995,"minecraft:walk_on_water_one_cm":15761,"minecraft:sleep_in_bed":4,"minecraft:total_world_time":79995,"minecraft:fall_one_cm":8946},"minecraft:crafted":{"minecraft:sugar":1,"minecraft:crafting_table":2,"minecraft:stick":8,"minecraft:spruce_planks":80,"minecraft:wooden_pickaxe":1,"minecraft:stone_pickaxe":1,"minecraft:stone_sword":1,"minecraft:spruce_boat":1,"minecraft:bread":4},"minecraft:dropped":{"minecraft:bread":2,"minecraft:wheat_seeds":1}},"DataVersion":3955}