{"stats":{"minecraft:killed_by":{"minecraft:zombie":1},"minecraft:custom":{"minecraft:interact_with_furnace":1,"minecraft:mob_kills":21,"minecraft:traded_with_villager":4,"minecraft:interact_with_crafting_table":5,"minecraft:open_barrel":3,"minecraft:bell_ring":1,"minecraft:leave_game":4,"minecraft:time_since_death":11282,"minecraft:sleep_in_bed":4,"minecraft:climb_one_cm":1794,"minecraft:time_since_rest":11319,"minecraft:sprint_one_cm":41475,"minecraft:damage_taken":1213,"minecraft:walk_one_cm":634109,"minecraft:damage_blocked_by_shield":600,"minecraft:drop":14,"minecraft:damage_dealt":3681,"minecraft:swim_one_cm":30024,"minecraft:fly_one_cm":58925,"minecraft:open_chest":12,"minecraft:crouch_one_cm":407,"minecraft:play_time":137723,"minecraft:deaths":1,"minecraft:sneak_time":249,"minecraft:walk_under_water_one_cm":6291,"minecraft:jump":1108,"minecraft:walk_on_water_one_cm":17489,"minecraft:interact_with_smoker":4,"minecraft:total_world_time":137723,"minecraft:fall_one_cm":20977},"minecraft:killed":{"minecraft:husk":8,"minecraft:spider":2,"alexsmobs:rattlesnake":1,"minecraft:skeleton":2,"minecraft:zombie":8,"minecraft:chicken":1},"minecraft:picked_up":{"minecraft:crafting_table":3,"minecraft:wheat":59,"minecraft:feather":4,"minecraft:chicken":1,"minecraft:red_sandstone_stairs":4,"alexsmobs:roadrunner_feather":2,"minecraft:potion":2,"minecraft:oak_log":2,"minecraft:shield":2,"mca:book_romance":1,"minecraft:dirt":53,"minecraft:string":4,"minecraft:paper":1,"minecraft:red_sandstone":1,"minecraft:wheat_seeds":149,"minecraft:raw_gold":36,"minecraft:iron_ingot":2,"minecraft:cooked_chicken":1,"minecraft:iron_pickaxe":2,"minecraft:lectern":2,"minecraft:iron_sword":2,"minecraft:iron_boots":1,"minecraft:raw_iron":6,"minecraft:stick":21,"minecraft:torch":2,"minecraft:green_bed":2,"biomemakeover:cowboy_hat":2,"alexsmobs:animal_dictionary":1,"byg:biomepedia":2,"minecraft:rotten_flesh":27,"minecraft:diamond":2,"minecraft:iron_helmet":1,"minecraft:hay_block":37,"alexsmobs:emu_egg":6,"minecraft:emerald":4,"minecraft:bread":33,"minecraft:terracotta":6,"mca:book_infection":1,"minecraft:melon_seeds":2,"minecraft:dark_oak_fence":2,"minecraft:coal":11,"minecraft:cobblestone":30},"minecraft:mined":{"minecraft:red_sandstone_slab":1,"biomesoplenty:desert_grass":1,"minecraft:crafting_table":2,"minecraft:dark_oak_fence":1,"biomesoplenty:bush":6,"minecraft:grass_block":1,"minecraft:dead_bush":8,"minecraft:lectern":1,"minecraft:red_sandstone_stairs":2,"minecraft:hay_block":39,"minecraft:red_sandstone":2,"minecraft:iron_ore":3,"minecraft:wheat":53,"minecraft:grass":9,"minecraft:oak_log":2,"minecraft:coal_ore":8,"minecraft:terracotta":3,"minecraft:stone":4,"minecraft:gold_ore":18,"minecraft:green_bed":1},"minecraft:crafted":{"minecraft:oak_planks":8,"minecraft:emerald":4,"minecraft:crafting_table":2,"minecraft:baked_potato":6,"minecraft:cooked_chicken":1,"minecraft:iron_sword":1,"minecraft:bread":67,"minecraft:air":0,"minecraft:iron_pickaxe":1,"minecraft:wheat":333},"minecraft:used":{"minecraft:wheat_seeds":43,"minecraft:baked_potato":6,"minecraft:shield":20,"minecraft:iron_sword":90,"minecraft:dirt":1,"minecraft:crafting_table":3,"minecraft:red_sandstone":1,"minecraft:apple":1,"minecraft:bread":11,"minecraft:iron_pickaxe":41,"minecraft:iron_helmet":1,"minecraft:iron_boots":1,"alexsmobs:animal_dictionary":1,"minecraft:potato":5},"minecraft:dropped":{"byg:biomepedia":1,"minecraft:bread":32,"minecraft:iron_sword":1,"minecraft:wheat_seeds":29,"minecraft:iron_helmet":1,"minecraft:rotten_flesh":14,"alexsmobs:roadrunner_feather":1,"minecraft:dark_oak_fence":1,"minecraft:melon_seeds":2,"minecraft:potion":1,"minecraft:iron_pickaxe":2,"minecraft:string":2,"minecraft:red_sandstone_stairs":2}},"DataVersion":3120}