{"stats":{"minecraft:picked_up":{"minecraft:fishing_rod":4,"minecraft:iron_chestplate":1,"minecraft:crafting_table":7,"minecraft:wheat":18,"minecraft:chicken":4,"minecraft:diamond_sword":1,"minecraft:lead":2,"minecraft:oak_stairs":13,"minecraft:enchanted_book":1,"minecraft:diamond_horse_armor":1,"minecraft:string":137,"minecraft:iron_leggings":1,"minecraft:pufferfish":1,"minecraft:beetroot":3,"minecraft:gold_nugget":14,"minecraft:smooth_stone":1,"minecraft:cobbled_deepslate":68,"minecraft:spruce_planks":2,"minecraft:beef":16,"minecraft:oak_boat":4,"minecraft:iron_pickaxe":1,"minecraft:chest":1,"minecraft:sugar_cane":3,"minecraft:iron_boots":1,"minecraft:furnace":3,"minecraft:stick":5,"minecraft:raw_iron":189,"minecraft:composter":1,"minecraft:oak_fence":6,"minecraft:torch":30,"minecraft:bowl":2,"minecraft:diorite":2,"minecraft:redstone":12,"minecraft:arrow":23,"minecraft:rotten_flesh":36,"minecraft:tropical_fish":3,"minecraft:beetroot_seeds":3,"minecraft:hay_block":24,"minecraft:gold_ingot":3,"minecraft:white_terracotta":6,"minecraft:mutton":4,"minecraft:cobblestone":132,"minecraft:cod":31,"minecraft:rail":3,"minecraft:white_wool":10,"minecraft:stripped_oak_log":16,"minecraft:feather":6,"minecraft:cooked_beef":29,"minecraft:salmon":7,"minecraft:glow_ink_sac":5,"minecraft:tripwire_hook":1,"minecraft:andesite":10,"minecraft:leather":19,"minecraft:potato":4,"minecraft:birch_planks":1,"minecraft:flint":1,"minecraft:tuff":4,"minecraft:oak_log":60,"minecraft:lily_pad":1,"minecraft:golden_boots":1,"minecraft:cobblestone_stairs":1,"minecraft:lapis_lazuli":103,"minecraft:dirt":45,"minecraft:leather_boots":1,"minecraft:cooked_mutton":7,"minecraft:bone":31,"minecraft:bow":2,"minecraft:wheat_seeds":48,"minecraft:rabbit_hide":1,"minecraft:iron_ingot":29,"minecraft:cooked_chicken":6,"minecraft:glowstone_dust":2,"minecraft:iron_sword":10,"minecraft:oak_planks":306,"minecraft:oak_slab":2,"minecraft:pumpkin":10,"minecraft:cooked_porkchop":21,"minecraft:music_disc_13":2,"minecraft:sweet_berries":34,"minecraft:quartz":192,"minecraft:dandelion":2,"minecraft:gravel":1,"minecraft:spruce_sapling":7,"minecraft:spruce_log":26,"minecraft:white_bed":1,"minecraft:grass_block":1,"minecraft:spider_eye":14,"minecraft:sugar":3,"minecraft:diamond":33,"minecraft:spruce_boat":7,"minecraft:iron_helmet":1,"minecraft:bone_meal":2,"minecraft:golden_horse_armor":1,"minecraft:warped_roots":1,"minecraft:warped_nylium":1,"minecraft:baked_potato":3,"minecraft:netherrack":456,"minecraft:melon_seeds":4,"minecraft:coal":103,"minecraft:ender_pearl":4,"minecraft:diamond_pickaxe":1},"minecraft:used":{"minecraft:stone_sword":95,"minecraft:iron_shovel":14,"minecraft:chest":3,"minecraft:shield":13,"minecraft:iron_sword":297,"minecraft:cooked_chicken":4,"minecraft:netherrack":45,"minecraft:torch":92,"minecraft:dirt":10,"minecraft:snowball":1,"minecraft:spruce_boat":7,"minecraft:iron_axe":364,"minecraft:warped_nylium":1,"minecraft:furnace":3,"minecraft:cooked_cod":2,"minecraft:beetroot_seeds":1,"minecraft:cooked_beef":19,"minecraft:potato":25,"minecraft:cobbled_deepslate":32,"minecraft:pumpkin":7,"minecraft:wheat_seeds":17,"minecraft:cooked_mutton":2,"minecraft:diamond_boots":1,"minecraft:stone_pickaxe":128,"minecraft:baked_potato":3,"minecraft:oak_planks":1,"minecraft:wooden_pickaxe":4,"minecraft:composter":1,"minecraft:oak_slab":1,"minecraft:crafting_table":9,"minecraft:crossbow":6,"minecraft:white_bed":2,"minecraft:spruce_log":3,"minecraft:diamond_pickaxe":713,"minecraft:bread":27,"minecraft:iron_pickaxe":249,"minecraft:diamond_sword":246,"minecraft:fishing_rod":79,"minecraft:fire_charge":1,"minecraft:cobblestone":18,"minecraft:cooked_porkchop":20,"minecraft:oak_boat":6},"minecraft:dropped":{"minecraft:golden_boots":1,"minecraft:bread":6,"minecraft:iron_sword":8,"minecraft:wheat_seeds":1,"minecraft:cooked_beef":1,"minecraft:cooked_porkchop":1,"minecraft:oak_fence":4,"minecraft:feather":1,"minecraft:cobblestone":20,"minecraft:leather":15,"minecraft:tropical_fish":3,"minecraft:golden_apple":2,"minecraft:flint":3,"minecraft:torch":2,"minecraft:mutton":2,"minecraft:gold_nugget":14,"minecraft:bone_meal":2,"minecraft:string":13,"minecraft:white_wool":3,"minecraft:fishing_rod":5,"minecraft:dandelion":2,"minecraft:bone":9,"minecraft:gravel":1,"minecraft:cobbled_deepslate":9,"minecraft:bowl":1,"minecraft:tuff":2,"minecraft:raw_iron":7,"minecraft:rotten_flesh":2,"minecraft:oak_planks":1,"minecraft:flint_and_steel":1,"minecraft:diamond_sword":1,"minecraft:rabbit_hide":1,"minecraft:spider_eye":4},"minecraft:crafted":{"minecraft:oak_planks":324,"minecraft:fishing_rod":2,"minecraft:cooked_chicken":4,"minecraft:furnace":2,"minecraft:cooked_mutton":2,"minecraft:diamond_helmet":1,"minecraft:diamond_leggings":1,"minecraft:iron_boots":1,"minecraft:iron_axe":2,"minecraft:stone_pickaxe":1,"minecraft:chest":2,"minecraft:diamond_boots":1,"minecraft:spruce_boat":2,"minecraft:wheat":216,"minecraft:cooked_beef":9,"minecraft:sugar":1,"minecraft:cooked_cod":9,"minecraft:crossbow":1,"minecraft:diamond_sword":1,"minecraft:emerald":33,"minecraft:crafting_table":4,"minecraft:spruce_planks":92,"minecraft:wooden_pickaxe":1,"minecraft:iron_helmet":1,"minecraft:iron_sword":1,"minecraft:bread":68,"minecraft:air":0,"minecraft:oak_boat":2,"minecraft:iron_chestplate":1,"minecraft:diamond_pickaxe":1,"minecraft:shield":1,"minecraft:stick":1096,"minecraft:iron_ingot":5,"minecraft:iron_pickaxe":1,"minecraft:stone_sword":1,"minecraft:iron_shovel":1,"minecraft:iron_leggings":1,"minecraft:torch":84,"minecraft:diamond_chestplate":1},"minecraft:mined":{"minecraft:nether_gold_ore":3,"minecraft:tuff":2,"minecraft:spruce_planks":1,"minecraft:white_bed":1,"minecraft:deepslate_diamond_ore":33,"minecraft:cobblestone_stairs":1,"minecraft:grass_block":6,"minecraft:spruce_leaves":11,"minecraft:composter":1,"minecraft:spawner":1,"minecraft:smooth_stone":1,"minecraft:hay_block":24,"minecraft:furnace":2,"minecraft:cobbled_deepslate":2,"minecraft:iron_ore":109,"minecraft:fire":16,"minecraft:andesite":4,"minecraft:pumpkin":10,"minecraft:deepslate_lapis_ore":11,"minecraft:rail":1,"minecraft:potatoes":1,"minecraft:deepslate_iron_ore":9,"minecraft:oak_stairs":20,"minecraft:stripped_oak_log":16,"minecraft:stone":92,"minecraft:oak_slab":2,"minecraft:glass_pane":1,"minecraft:crimson_nylium":1,"minecraft:dandelion":3,"minecraft:oak_fence":6,"minecraft:crafting_table":6,"minecraft:torch":6,"minecraft:short_grass":25,"minecraft:warped_roots":1,"minecraft:chest":1,"minecraft:nether_quartz_ore":200,"minecraft:tall_grass":1,"minecraft:cobblestone":5,"minecraft:lapis_ore":5,"minecraft:sugar_cane":1,"minecraft:oak_planks":272,"minecraft:sculk":1,"minecraft:diorite":1,"minecraft:wall_torch":9,"minecraft:white_terracotta":6,"minecraft:birch_planks":1,"minecraft:sweet_berry_bush":24,"minecraft:wheat":20,"minecraft:spruce_log":27,"minecraft:coal_ore":61,"minecraft:oak_log":60,"minecraft:beetroots":1,"minecraft:gravel":1,"minecraft:sand":1,"minecraft:dirt":14,"minecraft:cobweb":113,"minecraft:netherrack":471,"minecraft:oak_leaves":4,"minecraft:deepslate":64,"minecraft:fern":1},"minecraft:killed_by":{"minecraft:creeper":1},"minecraft:killed":{"minecraft:cave_spider":15,"minecraft:witch":2,"minecraft:spider":14,"minecraft:skeleton":21,"minecraft:chicken":6,"minecraft:drowned":1,"minecraft:pig":11,"minecraft:salmon":1,"minecraft:iron_golem":1,"minecraft:wandering_trader":1,"minecraft:hoglin":1,"minecraft:creeper":2,"minecraft:sheep":3,"minecraft:zombie":37,"minecraft:ghast":1,"minecraft:enderman":5,"minecraft:cow":18},"minecraft:custom":{"minecraft:interact_with_smithing_table":1,"minecraft:interact_with_anvil":2,"minecraft:mob_kills":149,"minecraft:animals_bred":3,"minecraft:interact_with_crafting_table":32,"minecraft:interact_with_campfire":3,"minecraft:bell_ring":3,"minecraft:leave_game":10,"minecraft:time_since_death":252029,"minecraft:climb_one_cm":1870,"minecraft:sprint_one_cm":461747,"minecraft:walk_one_cm":1658102,"minecraft:damage_blocked_by_shield":509,"minecraft:drop":60,"minecraft:talked_to_villager":29,"minecraft:play_time":399110,"minecraft:deaths":3,"minecraft:sneak_time":21156,"minecraft:walk_under_water_one_cm":40067,"minecraft:boat_one_cm":423433,"minecraft:jump":6054,"minecraft:enchant_item":5,"minecraft:walk_on_water_one_cm":115218,"minecraft:total_world_time":399110,"minecraft:interact_with_furnace":27,"minecraft:traded_with_villager":34,"minecraft:sleep_in_bed":14,"minecraft:time_since_rest":72179,"minecraft:damage_taken":5206,"minecraft:damage_dealt":24262,"minecraft:swim_one_cm":66343,"minecraft:fly_one_cm":1034875,"minecraft:open_chest":83,"minecraft:crouch_one_cm":62164,"minecraft:fish_caught":42,"minecraft:fall_one_cm":122557},"minecraft:broken":{"minecraft:iron_axe":1,"minecraft:iron_sword":1,"minecraft:iron_pickaxe":1,"minecraft:iron_helmet":1,"minecraft:fishing_rod":1}},"DataVersion":3955}