{"stats":{"minecraft:broken":{"aether:leather_gloves":1},"minecraft:mined":{"minecraft:mossy_cobblestone":1,"biomesoplenty:desert_grass":1,"minecraft:dark_oak_fence":2,"biomesoplenty:bush":7,"minecraft:grass_block":7,"minecraft:red_sandstone_stairs":2,"travelersbackpack:white_sleeping_bag":4,"minecraft:spruce_leaves":3,"minecraft:sandstone":7,"biomesoplenty:dune_grass":3,"minecraft:sandstone_stairs":1,"minecraft:hay_block":39,"minecraft:iron_ore":6,"minecraft:red_sandstone":2,"minecraft:acacia_wood":4,"minecraft:gold_block":1,"minecraft:dirt_path":2,"minecraft:iron_bars":2,"minecraft:stone":28,"byg:white_puffball":1,"minecraft:green_bed":1,"minecraft:light_gray_carpet":1,"minecraft:oak_slab":1,"minecraft:glass_pane":2,"minecraft:red_sandstone_slab":1,"byg:golden_spined_cactus":1,"minecraft:brown_carpet":2,"minecraft:orange_terracotta":3,"minecraft:powder_snow":113,"minecraft:crafting_table":4,"minecraft:torch":2,"minecraft:melon":1,"minecraft:dead_bush":9,"minecraft:lectern":1,"minecraft:tall_grass":1,"minecraft:cobblestone":8,"minecraft:oak_planks":2,"minecraft:wall_torch":2,"minecraft:ice":1,"minecraft:wheat":55,"minecraft:white_carpet":3,"biomesoplenty:fir_log":2,"minecraft:grass":18,"minecraft:oak_log":2,"minecraft:coal_ore":35,"minecraft:gravel":5,"minecraft:sand":2,"minecraft:dirt":1,"minecraft:cobweb":1,"minecraft:brown_terracotta":1,"minecraft:acacia_planks":1,"minecraft:terracotta":12,"minecraft:dispenser":1,"minecraft:gold_ore":35},"minecraft:crafted":{"minecraft:oak_planks":8,"minecraft:cooked_chicken":1,"minecraft:iron_boots":1,"minecraft:wheat":333,"minecraft:crossbow":1,"minecraft:emerald":7,"minecraft:crafting_table":2,"minecraft:baked_potato":6,"minecraft:iron_sword":1,"minecraft:bread":78,"minecraft:acacia_boat":2,"minecraft:air":0,"minecraft:iron_chestplate":1,"minecraft:iron_pickaxe":1,"minecraft:pumpkin_pie":13,"minecraft:acacia_planks":16,"minecraft:torch":96},"minecraft:dropped":{"byg:biomepedia":2,"minecraft:iron_ingot":10,"minecraft:bread":87,"minecraft:iron_sword":1,"minecraft:wheat_seeds":93,"alexsmobs:kangaroo_meat":1,"minecraft:iron_helmet":1,"minecraft:flint":1,"minecraft:dirt":3,"alexsmobs:roadrunner_feather":1,"aquaculture:gar":1,"minecraft:dark_oak_fence":1,"minecraft:melon_slice":20,"minecraft:cut_sandstone":4,"minecraft:snowball":15,"minecraft:potion":1,"alexsmobs:emu_feather":3,"minecraft:gold_nugget":3,"minecraft:pumpkin_pie":3,"minecraft:sand":9,"minecraft:iron_pickaxe":3,"minecraft:paper":1,"minecraft:string":47,"minecraft:bone":6,"minecraft:gravel":4,"minecraft:sugar_cane":7,"alexsmobs:animal_dictionary":1,"minecraft:wheat":1,"minecraft:rotten_flesh":31,"minecraft:oak_planks":20,"minecraft:iron_boots":1,"minecraft:smoker":1,"alexsmobs:kangaroo_hide":2,"minecraft:potato":5,"minecraft:hay_block":13,"minecraft:shield":1,"minecraft:gunpowder":2,"minecraft:melon_seeds":2,"minecraft:sandstone":29,"minecraft:red_sandstone_stairs":2,"biomemakeover:cowboy_hat":2},"minecraft:used":{"alexsmobs:emu_egg":3,"minecraft:iron_bars":3,"minecraft:stone_shovel":2,"minecraft:shield":67,"minecraft:iron_sword":460,"minecraft:cooked_chicken":1,"minecraft:iron_chestplate":1,"minecraft:torch":37,"minecraft:dirt":17,"minecraft:white_carpet":1,"minecraft:dark_oak_planks":12,"minecraft:iron_helmet":1,"minecraft:iron_boots":3,"minecraft:red_carpet":1,"minecraft:potato":17,"minecraft:acacia_planks":1,"minecraft:orange_terracotta":3,"minecraft:wheat_seeds":82,"minecraft:acacia_boat":15,"minecraft:sandstone_stairs":1,"minecraft:baked_potato":6,"minecraft:oak_planks":2,"minecraft:green_bed":1,"minecraft:white_wool":2,"biomemakeover:cowboy_hat":2,"minecraft:terracotta":5,"minecraft:crafting_table":6,"minecraft:acacia_leaves":1,"minecraft:crossbow":6,"minecraft:red_sandstone":1,"minecraft:apple":1,"travelersbackpack:white_sleeping_bag":3,"minecraft:bread":65,"minecraft:melon_slice":3,"minecraft:iron_pickaxe":154,"alexsmobs:kangaroo_meat":4,"minecraft:red_terracotta":1,"minecraft:cobblestone":38,"minecraft:porkchop":1,"minecraft:dark_oak_fence":1,"minecraft:pumpkin_pie":6,"alexsmobs:animal_dictionary":1,"minecraft:splash_potion":1,"minecraft:bone_meal":1,"alexsmobs:emu_leggings":1},"minecraft:killed_by":{"minecraft:creeper":1,"minecraft:pillager":1,"minecraft:vindicator":1,"minecraft:zombie":4},"minecraft:killed":{"mca:female_zombie_villager":1,"minecraft:cave_spider":3,"alexsmobs:tarantula_hawk":1,"minecraft:spider":3,"minecraft:vindicator":8,"alexsmobs:rattlesnake":1,"minecraft:skeleton":8,"minecraft:chicken":1,"alexsmobs:kangaroo":1,"minecraft:husk":8,"minecraft:pig":2,"minecraft:sheep":2,"minecraft:pillager":25,"minecraft:zombie":24},"minecraft:picked_up":{"minecraft:crafting_table":8,"minecraft:iron_chestplate":3,"minecraft:wheat":208,"minecraft:chicken":1,"minecraft:red_sandstone_stairs":4,"alexsmobs:emu_leggings":6,"alexsmobs:roadrunner_feather":2,"minecraft:enchanted_book":2,"minecraft:gold_block":4,"minecraft:potion":2,"minecraft:shield":9,"aether:leather_gloves":2,"minecraft:string":55,"minecraft:white_carpet":9,"aquaculture:pink_salmon":1,"alexsmobs:emu_feather":6,"minecraft:gold_nugget":3,"minecraft:iron_pickaxe":10,"minecraft:lectern":2,"minecraft:melon_slice":41,"minecraft:sugar_cane":23,"byg:golden_spined_cactus":2,"minecraft:iron_boots":7,"minecraft:stick":45,"minecraft:raw_iron":30,"minecraft:sandstone":29,"minecraft:music_disc_blocks":4,"minecraft:brown_terracotta":18,"minecraft:torch":260,"minecraft:green_bed":3,"minecraft:fire_charge":1,"minecraft:porkchop":26,"biomemakeover:cowboy_hat":10,"mca:book_blueprint":1,"minecraft:dark_oak_planks":12,"minecraft:brown_carpet":4,"byg:biomepedia":5,"minecraft:arrow":21,"minecraft:rotten_flesh":69,"minecraft:stone_shovel":6,"minecraft:pumpkin_pie":6,"minecraft:hay_block":50,"minecraft:sandstone_stairs":1,"alexsmobs:emu_egg":9,"minecraft:iron_bars":3,"minecraft:snowball":30,"minecraft:mutton":12,"alexsmobs:kangaroo_meat":7,"minecraft:white_wool":2,"minecraft:cobblestone":73,"minecraft:feather":8,"minecraft:acacia_leaves":1,"minecraft:cut_sandstone":4,"minecraft:smoker":1,"minecraft:acacia_wood":4,"minecraft:potato":13,"biomesoplenty:fir_log":2,"minecraft:flint":1,"minecraft:oak_log":2,"minecraft:golden_boots":3,"minecraft:gunpowder":6,"minecraft:acacia_boat":18,"mca:book_romance":1,"minecraft:lapis_lazuli":4,"minecraft:paper":4,"minecraft:dirt":73,"minecraft:white_banner":7,"minecraft:orange_terracotta":3,"minecraft:red_carpet":1,"minecraft:bone":21,"minecraft:acacia_planks":1,"quark:music_disc_crickets":4,"minecraft:red_sandstone":1,"minecraft:wheat_seeds":386,"minecraft:raw_gold":138,"minecraft:iron_ingot":24,"minecraft:cooked_chicken":2,"minecraft:iron_sword":12,"minecraft:oak_planks":22,"aquaculture:gar":1,"minecraft:gravel":4,"minecraft:sand":9,"minecraft:spruce_sapling":2,"minecraft:red_terracotta":1,"alexsmobs:animal_dictionary":2,"minecraft:mossy_cobblestone":1,"travelersbackpack:white_sleeping_bag":6,"alexsmobs:kangaroo_hide":2,"minecraft:diamond":10,"minecraft:iron_helmet":1,"minecraft:crossbow":8,"minecraft:bone_meal":1,"minecraft:emerald":23,"minecraft:bread":269,"minecraft:light_gray_carpet":1,"minecraft:terracotta":11,"mca:book_infection":1,"minecraft:melon_seeds":2,"minecraft:dark_oak_fence":3,"minecraft:coal":303},"minecraft:custom":{"minecraft:mob_kills":88,"minecraft:interact_with_crafting_table":11,"minecraft:open_barrel":12,"minecraft:bell_ring":1,"minecraft:leave_game":21,"minecraft:time_since_death":11169,"minecraft:climb_one_cm":6369,"minecraft:sprint_one_cm":224301,"minecraft:walk_one_cm":1732314,"minecraft:damage_blocked_by_shield":2500,"minecraft:drop":58,"minecraft:play_time":390315,"minecraft:deaths":7,"minecraft:sneak_time":6881,"minecraft:walk_under_water_one_cm":31187,"minecraft:boat_one_cm":1019406,"minecraft:interact_with_brewingstand":3,"minecraft:jump":4523,"minecraft:walk_on_water_one_cm":49297,"minecraft:total_world_time":390315,"minecraft:interact_with_furnace":2,"minecraft:traded_with_villager":11,"minecraft:raid_trigger":1,"minecraft:interact_with_stonecutter":1,"minecraft:sleep_in_bed":14,"minecraft:time_since_rest":5814,"minecraft:waystone_activated":1,"minecraft:damage_absorbed":680,"minecraft:damage_taken":6002,"minecraft:damage_dealt":17394,"minecraft:player_kills":1,"minecraft:swim_one_cm":51702,"minecraft:fly_one_cm":373423,"minecraft:open_chest":31,"minecraft:crouch_one_cm":15041,"minecraft:interact_with_smoker":4,"minecraft:fall_one_cm":97527}},"DataVersion":3120}