{"stats":{"minecraft:killed":{"minecraft:husk":8,"minecraft:spider":2,"alexsmobs:rattlesnake":1,"minecraft:skeleton":1,"minecraft:zombie":3,"minecraft:chicken":1},"minecraft:custom":{"minecraft:interact_with_furnace":1,"minecraft:mob_kills":15,"minecraft:traded_with_villager":4,"minecraft:interact_with_crafting_table":3,"minecraft:open_barrel":3,"minecraft:leave_game":2,"minecraft:time_since_death":89893,"minecraft:sleep_in_bed":3,"minecraft:climb_one_cm":1794,"minecraft:time_since_rest":22503,"minecraft:sprint_one_cm":38965,"minecraft:damage_taken":740,"minecraft:walk_one_cm":509846,"minecraft:damage_blocked_by_shield":440,"minecraft:drop":5,"minecraft:damage_dealt":2660,"minecraft:swim_one_cm":18966,"minecraft:fly_one_cm":57667,"minecraft:open_chest":11,"minecraft:crouch_one_cm":363,"minecraft:play_time":89893,"minecraft:sneak_time":129,"minecraft:walk_under_water_one_cm":4900,"minecraft:jump":975,"minecraft:walk_on_water_one_cm":11278,"minecraft:interact_with_smoker":4,"minecraft:total_world_time":89893,"minecraft:fall_one_cm":17646},"minecraft:mined":{"minecraft:red_sandstone_slab":1,"biomesoplenty:desert_grass":1,"minecraft:crafting_table":1,"minecraft:dark_oak_fence":1,"minecraft:grass_block":1,"minecraft:dead_bush":8,"minecraft:lectern":1,"minecraft:red_sandstone_stairs":2,"minecraft:hay_block":9,"minecraft:red_sandstone":2,"minecraft:iron_ore":3,"minecraft:wheat":4,"minecraft:oak_log":2,"minecraft:coal_ore":8,"minecraft:terracotta":3,"minecraft:stone":4,"minecraft:gold_ore":18,"minecraft:green_bed":1},"minecraft:picked_up":{"minecraft:crafting_table":1,"minecraft:wheat":4,"minecraft:feather":4,"minecraft:chicken":1,"minecraft:red_sandstone_stairs":2,"alexsmobs:roadrunner_feather":1,"minecraft:potion":1,"minecraft:oak_log":2,"minecraft:shield":1,"minecraft:dirt":27,"minecraft:string":2,"minecraft:red_sandstone":1,"minecraft:wheat_seeds":13,"minecraft:raw_gold":18,"minecraft:iron_ingot":2,"minecraft:iron_pickaxe":1,"minecraft:lectern":1,"minecraft:iron_sword":1,"minecraft:raw_iron":3,"minecraft:stick":12,"minecraft:torch":1,"minecraft:green_bed":1,"biomemakeover:cowboy_hat":1,"byg:biomepedia":1,"minecraft:rotten_flesh":10,"minecraft:diamond":1,"minecraft:hay_block":9,"alexsmobs:emu_egg":3,"minecraft:terracotta":3,"minecraft:dark_oak_fence":1,"minecraft:coal":9,"minecraft:cobblestone":15},"minecraft:crafted":{"minecraft:oak_planks":8,"minecraft:emerald":4,"minecraft:crafting_table":2,"minecraft:baked_potato":6,"minecraft:cooked_chicken":1,"minecraft:iron_sword":1,"minecraft:air":0,"minecraft:iron_pickaxe":1,"minecraft:wheat":81},"minecraft:dropped":{"byg:biomepedia":1,"minecraft:iron_sword":1,"minecraft:iron_helmet":1,"minecraft:iron_pickaxe":2},"minecraft:used":{"minecraft:wheat_seeds":4,"minecraft:baked_potato":6,"minecraft:shield":14,"minecraft:iron_sword":56,"minecraft:dirt":1,"minecraft:crafting_table":2,"minecraft:red_sandstone":1,"minecraft:apple":1,"minecraft:bread":6,"minecraft:iron_pickaxe":41,"minecraft:iron_helmet":1,"minecraft:iron_boots":1,"alexsmobs:animal_dictionary":1,"minecraft:potato":5}},"DataVersion":3120}