{"stats":{"minecraft:killed_by":{"minecraft:creeper":1},"minecraft:dropped":{"minecraft:bread":2,"minecraft:wheat_seeds":1,"minecraft:cooked_beef":1,"minecraft:bone_meal":2,"minecraft:bone":9},"minecraft:custom":{"minecraft:interact_with_smithing_table":1,"minecraft:interact_with_furnace":10,"minecraft:mob_kills":31,"minecraft:interact_with_crafting_table":15,"minecraft:interact_with_campfire":3,"minecraft:bell_ring":3,"minecraft:leave_game":4,"minecraft:time_since_death":17698,"minecraft:sleep_in_bed":4,"minecraft:time_since_rest":17781,"minecraft:sprint_one_cm":109294,"minecraft:damage_taken":2429,"minecraft:walk_one_cm":616761,"minecraft:drop":15,"minecraft:damage_dealt":5134,"minecraft:swim_one_cm":31195,"minecraft:fly_one_cm":216792,"minecraft:open_chest":11,"minecraft:crouch_one_cm":15184,"minecraft:play_time":164779,"minecraft:deaths":3,"minecraft:sneak_time":6819,"minecraft:walk_under_water_one_cm":28665,"minecraft:boat_one_cm":349764,"minecraft:jump":1715,"minecraft:walk_on_water_one_cm":67750,"minecraft:total_world_time":164779,"minecraft:fall_one_cm":39642},"minecraft:mined":{"minecraft:dandelion":2,"minecraft:crafting_table":4,"minecraft:torch":2,"minecraft:short_grass":10,"minecraft:grass_block":6,"minecraft:cobblestone":5,"minecraft:spruce_leaves":8,"minecraft:lapis_ore":1,"minecraft:oak_planks":1,"minecraft:sugar_cane":1,"minecraft:composter":1,"minecraft:diorite":1,"minecraft:sculk":1,"minecraft:wall_torch":1,"minecraft:hay_block":24,"minecraft:furnace":2,"minecraft:iron_ore":108,"minecraft:wheat":20,"minecraft:spruce_log":27,"minecraft:andesite":4,"minecraft:pumpkin":10,"minecraft:coal_ore":52,"minecraft:potatoes":1,"minecraft:oak_log":6,"minecraft:beetroots":1,"minecraft:deepslate_iron_ore":2,"minecraft:dirt":6,"minecraft:cobweb":2,"minecraft:stone":70,"minecraft:oak_leaves":3,"minecraft:deepslate":8,"minecraft:fern":1},"minecraft:crafted":{"minecraft:cooked_beef":9,"minecraft:sugar":1,"minecraft:oak_planks":24,"minecraft:crafting_table":4,"minecraft:spruce_planks":92,"minecraft:cooked_chicken":4,"minecraft:iron_helmet":1,"minecraft:wooden_pickaxe":1,"minecraft:iron_sword":1,"minecraft:furnace":2,"minecraft:cooked_mutton":2,"minecraft:bread":68,"minecraft:air":0,"minecraft:oak_boat":1,"minecraft:iron_boots":1,"minecraft:iron_chestplate":1,"minecraft:stick":12,"minecraft:iron_pickaxe":1,"minecraft:stone_pickaxe":1,"minecraft:stone_sword":1,"minecraft:iron_leggings":1,"minecraft:spruce_boat":2,"minecraft:torch":36,"minecraft:wheat":216},"minecraft:used":{"minecraft:cooked_mutton":2,"minecraft:wheat_seeds":17,"minecraft:stone_sword":95,"minecraft:stone_pickaxe":128,"minecraft:baked_potato":3,"minecraft:oak_planks":1,"minecraft:wooden_pickaxe":4,"minecraft:iron_sword":32,"minecraft:composter":1,"minecraft:cooked_chicken":3,"minecraft:torch":19,"minecraft:dirt":10,"minecraft:crafting_table":6,"minecraft:snowball":1,"minecraft:spruce_log":3,"minecraft:spruce_boat":7,"minecraft:bread":5,"minecraft:iron_pickaxe":125,"minecraft:cobblestone":14,"minecraft:furnace":2,"minecraft:beetroot_seeds":1,"minecraft:oak_boat":2,"minecraft:cooked_beef":10,"minecraft:potato":1,"minecraft:pumpkin":7},"minecraft:killed":{"minecraft:spider":3,"minecraft:creeper":1,"minecraft:skeleton":5,"minecraft:zombie":12,"minecraft:chicken":4,"minecraft:cow":6},"minecraft:picked_up":{"minecraft:iron_chestplate":1,"minecraft:crafting_table":5,"minecraft:wheat":18,"minecraft:feather":2,"minecraft:cooked_beef":2,"minecraft:chicken":4,"minecraft:glow_ink_sac":4,"minecraft:andesite":10,"minecraft:leather":3,"minecraft:potato":3,"minecraft:diamond_horse_armor":1,"minecraft:flint":1,"minecraft:oak_log":6,"minecraft:lapis_lazuli":14,"minecraft:dirt":22,"minecraft:string":10,"minecraft:iron_leggings":1,"minecraft:bone":16,"minecraft:beetroot":3,"minecraft:bow":1,"minecraft:wheat_seeds":48,"minecraft:cobbled_deepslate":11,"minecraft:spruce_planks":1,"minecraft:beef":16,"minecraft:iron_ingot":29,"minecraft:oak_boat":2,"minecraft:cooked_chicken":4,"minecraft:iron_pickaxe":1,"minecraft:iron_sword":1,"minecraft:oak_planks":19,"minecraft:sugar_cane":2,"minecraft:iron_boots":1,"minecraft:furnace":3,"minecraft:stick":5,"minecraft:raw_iron":175,"minecraft:music_disc_13":2,"minecraft:pumpkin":10,"minecraft:composter":1,"minecraft:torch":7,"minecraft:dandelion":2,"minecraft:spruce_sapling":7,"minecraft:diorite":2,"minecraft:spruce_log":26,"minecraft:redstone":4,"minecraft:spider_eye":1,"minecraft:arrow":7,"minecraft:rotten_flesh":12,"minecraft:spruce_boat":7,"minecraft:beetroot_seeds":3,"minecraft:hay_block":24,"minecraft:iron_helmet":1,"minecraft:bone_meal":2,"minecraft:golden_horse_armor":1,"minecraft:gold_ingot":3,"minecraft:baked_potato":3,"minecraft:melon_seeds":4,"minecraft:rail":2,"minecraft:mutton":2,"minecraft:coal":94,"minecraft:white_wool":4,"minecraft:cobblestone":106}},"DataVersion":3955}