{"stats":{"minecraft:killed_by":{"minecraft:zombie":2},"minecraft:custom":{"minecraft:interact_with_furnace":1,"minecraft:mob_kills":27,"minecraft:traded_with_villager":4,"minecraft:interact_with_crafting_table":5,"minecraft:open_barrel":3,"minecraft:bell_ring":1,"minecraft:interact_with_stonecutter":1,"minecraft:leave_game":7,"minecraft:time_since_death":19836,"minecraft:sleep_in_bed":5,"minecraft:climb_one_cm":3571,"minecraft:time_since_rest":14576,"minecraft:sprint_one_cm":63454,"minecraft:damage_taken":1935,"minecraft:walk_one_cm":775596,"minecraft:damage_blocked_by_shield":600,"minecraft:drop":29,"minecraft:damage_dealt":4491,"minecraft:swim_one_cm":46038,"minecraft:player_kills":1,"minecraft:fly_one_cm":109678,"minecraft:open_chest":13,"minecraft:play_time":163758,"minecraft:crouch_one_cm":3021,"minecraft:deaths":2,"minecraft:sneak_time":905,"minecraft:walk_under_water_one_cm":7606,"minecraft:jump":1802,"minecraft:walk_on_water_one_cm":24513,"minecraft:total_world_time":163758,"minecraft:interact_with_smoker":4,"minecraft:fall_one_cm":41399},"minecraft:killed":{"mca:female_zombie_villager":1,"minecraft:husk":8,"minecraft:cave_spider":3,"minecraft:spider":2,"alexsmobs:rattlesnake":1,"minecraft:skeleton":2,"minecraft:zombie":10,"minecraft:chicken":1},"minecraft:picked_up":{"minecraft:crafting_table":4,"minecraft:wheat":141,"minecraft:feather":4,"minecraft:chicken":1,"minecraft:red_sandstone_stairs":4,"minecraft:acacia_leaves":1,"alexsmobs:roadrunner_feather":2,"minecraft:smoker":1,"minecraft:potato":5,"minecraft:potion":2,"minecraft:oak_log":2,"minecraft:shield":4,"mca:book_romance":1,"minecraft:string":53,"minecraft:dirt":53,"minecraft:paper":2,"minecraft:red_sandstone":1,"minecraft:wheat_seeds":248,"minecraft:gold_nugget":3,"minecraft:raw_gold":36,"minecraft:iron_ingot":2,"minecraft:cooked_chicken":2,"minecraft:iron_pickaxe":5,"minecraft:lectern":2,"minecraft:melon_slice":30,"minecraft:sugar_cane":7,"minecraft:iron_sword":3,"minecraft:oak_planks":20,"minecraft:iron_boots":2,"minecraft:stick":45,"minecraft:raw_iron":9,"aquaculture:gar":1,"minecraft:torch":5,"minecraft:green_bed":3,"biomemakeover:cowboy_hat":4,"alexsmobs:animal_dictionary":2,"minecraft:dark_oak_planks":12,"byg:biomepedia":3,"alexsmobs:kangaroo_hide":2,"minecraft:stone_shovel":1,"minecraft:rotten_flesh":29,"minecraft:diamond":3,"minecraft:hay_block":50,"minecraft:iron_helmet":1,"alexsmobs:emu_egg":9,"minecraft:bread":157,"minecraft:emerald":9,"minecraft:terracotta":6,"mca:book_infection":1,"minecraft:melon_seeds":2,"minecraft:dark_oak_fence":2,"minecraft:coal":81,"alexsmobs:kangaroo_meat":2,"minecraft:cobblestone":42},"minecraft:mined":{"minecraft:red_sandstone_slab":1,"biomesoplenty:desert_grass":1,"minecraft:crafting_table":2,"minecraft:dark_oak_fence":1,"biomesoplenty:bush":6,"minecraft:grass_block":1,"minecraft:dead_bush":8,"minecraft:lectern":1,"minecraft:red_sandstone_stairs":2,"minecraft:hay_block":39,"minecraft:iron_ore":3,"minecraft:red_sandstone":2,"minecraft:wheat":53,"minecraft:grass":9,"minecraft:coal_ore":8,"minecraft:oak_log":2,"minecraft:cobweb":1,"minecraft:terracotta":3,"minecraft:stone":11,"minecraft:gold_ore":18,"minecraft:green_bed":1},"minecraft:crafted":{"minecraft:oak_planks":8,"minecraft:emerald":4,"minecraft:crafting_table":2,"minecraft:baked_potato":6,"minecraft:cooked_chicken":1,"minecraft:iron_sword":1,"minecraft:bread":67,"minecraft:air":0,"minecraft:iron_pickaxe":1,"minecraft:wheat":333},"minecraft:used":{"alexsmobs:emu_egg":3,"minecraft:wheat_seeds":43,"minecraft:baked_potato":6,"minecraft:shield":20,"minecraft:iron_sword":106,"minecraft:green_bed":1,"minecraft:dirt":1,"minecraft:crafting_table":3,"minecraft:red_sandstone":1,"minecraft:apple":1,"minecraft:bread":21,"minecraft:iron_pickaxe":55,"minecraft:iron_helmet":1,"minecraft:iron_boots":1,"minecraft:cobblestone":9,"alexsmobs:animal_dictionary":1,"minecraft:potato":5},"minecraft:dropped":{"byg:biomepedia":1,"minecraft:bread":61,"minecraft:iron_sword":1,"minecraft:wheat_seeds":29,"alexsmobs:animal_dictionary":1,"minecraft:wheat":1,"minecraft:iron_helmet":1,"minecraft:rotten_flesh":14,"minecraft:oak_planks":20,"minecraft:smoker":1,"alexsmobs:kangaroo_hide":2,"minecraft:potato":5,"minecraft:hay_block":13,"minecraft:shield":1,"alexsmobs:roadrunner_feather":1,"aquaculture:gar":1,"minecraft:dark_oak_fence":1,"minecraft:melon_seeds":2,"minecraft:melon_slice":15,"minecraft:potion":1,"minecraft:gold_nugget":3,"minecraft:iron_pickaxe":3,"minecraft:string":45,"minecraft:red_sandstone_stairs":2,"biomemakeover:cowboy_hat":1}},"DataVersion":3120}