{"stats":{"minecraft:custom":{"minecraft:time_since_rest":2700,"minecraft:interact_with_furnace":1,"minecraft:sprint_one_cm":25651,"minecraft:damage_taken":208,"minecraft:walk_one_cm":344038,"minecraft:damage_blocked_by_shield":130,"minecraft:mob_kills":10,"minecraft:drop":5,"minecraft:damage_dealt":1821,"minecraft:traded_with_villager":4,"minecraft:swim_one_cm":2138,"minecraft:interact_with_crafting_table":3,"minecraft:fly_one_cm":33395,"minecraft:open_barrel":3,"minecraft:open_chest":5,"minecraft:crouch_one_cm":241,"minecraft:play_time":52028,"minecraft:sneak_time":74,"minecraft:walk_under_water_one_cm":1808,"minecraft:jump":554,"minecraft:leave_game":1,"minecraft:time_since_death":52028,"minecraft:walk_on_water_one_cm":2241,"minecraft:climb_one_cm":1794,"minecraft:sleep_in_bed":2,"minecraft:total_world_time":52028,"minecraft:fall_one_cm":8054},"minecraft:dropped":{"byg:biomepedia":1,"minecraft:iron_sword":1,"minecraft:iron_helmet":1,"minecraft:iron_pickaxe":2},"minecraft:crafted":{"minecraft:oak_planks":8,"minecraft:emerald":4,"minecraft:crafting_table":2,"minecraft:iron_pickaxe":1,"minecraft:iron_sword":1,"minecraft:air":0,"minecraft:wheat":81},"minecraft:used":{"minecraft:wheat_seeds":4,"minecraft:apple":1,"minecraft:bread":3,"minecraft:iron_pickaxe":18,"minecraft:iron_helmet":1,"minecraft:shield":4,"minecraft:iron_sword":39,"minecraft:iron_boots":1,"minecraft:crafting_table":2,"alexsmobs:animal_dictionary":1},"minecraft:mined":{"minecraft:hay_block":9,"minecraft:red_sandstone_slab":1,"minecraft:red_sandstone":2,"minecraft:wheat":4,"minecraft:crafting_table":1,"minecraft:dark_oak_fence":1,"minecraft:coal_ore":1,"minecraft:oak_log":2,"minecraft:dead_bush":8,"minecraft:lectern":1,"minecraft:red_sandstone_stairs":2,"minecraft:terracotta":3,"minecraft:gold_ore":9,"minecraft:green_bed":1},"minecraft:picked_up":{"minecraft:feather":2,"minecraft:stick":12,"minecraft:crafting_table":1,"minecraft:wheat":4,"minecraft:chicken":1,"minecraft:red_sandstone_stairs":2,"minecraft:torch":1,"minecraft:green_bed":1,"alexsmobs:roadrunner_feather":1,"minecraft:oak_log":2,"minecraft:shield":1,"biomemakeover:cowboy_hat":1,"byg:biomepedia":1,"minecraft:rotten_flesh":10,"minecraft:diamond":1,"minecraft:red_sandstone":1,"minecraft:wheat_seeds":12,"minecraft:raw_gold":9,"minecraft:hay_block":9,"minecraft:iron_ingot":2,"alexsmobs:emu_egg":3,"minecraft:iron_pickaxe":1,"minecraft:terracotta":3,"minecraft:lectern":1,"minecraft:iron_sword":1,"minecraft:dark_oak_fence":1},"minecraft:killed":{"minecraft:skeleton":1,"minecraft:husk":8,"minecraft:zombie":1,"minecraft:chicken":1}},"DataVersion":3120}