{"stats":{"minecraft:custom":{"minecraft:time_since_rest":16028,"minecraft:open_chest":1,"minecraft:play_time":16028,"minecraft:sprint_one_cm":4242,"minecraft:damage_taken":20,"minecraft:walk_one_cm":64293,"minecraft:sneak_time":5,"minecraft:drop":1,"minecraft:jump":88,"minecraft:leave_game":1,"minecraft:time_since_death":16028,"minecraft:total_world_time":16028,"minecraft:fall_one_cm":962,"minecraft:fly_one_cm":3903},"minecraft:dropped":{"byg:biomepedia":1},"minecraft:used":{"minecraft:wheat_seeds":1,"minecraft:iron_helmet":1,"minecraft:iron_boots":1},"minecraft:mined":{"minecraft:dead_bush":7,"minecraft:wheat":1},"minecraft:picked_up":{"minecraft:stick":10,"byg:biomepedia":1,"minecraft:wheat":1,"minecraft:rotten_flesh":2,"minecraft:wheat_seeds":2}},"DataVersion":3120}