{"stats":{"minecraft:killed":{"minecraft:pig":4,"minecraft:spider":1,"minecraft:sheep":4,"minecraft:skeleton":5,"minecraft:zombie":9,"minecraft:cow":4},"minecraft:picked_up":{"minecraft:crafting_table":7,"minecraft:cooked_beef":7,"minecraft:andesite":7,"minecraft:leather":7,"minecraft:flint":2,"minecraft:gunpowder":6,"minecraft:string":4,"minecraft:lapis_lazuli":56,"minecraft:dirt":36,"minecraft:cooked_mutton":2,"minecraft:bone":10,"minecraft:cobbled_deepslate":108,"minecraft:raw_gold":17,"minecraft:iron_ingot":7,"minecraft:beef":2,"minecraft:stone_pickaxe":1,"minecraft:sugar_cane":14,"minecraft:chest":1,"minecraft:furnace":4,"minecraft:raw_iron":110,"minecraft:gravel":14,"minecraft:porkchop":15,"minecraft:sand":1,"minecraft:white_bed":1,"minecraft:spruce_log":12,"minecraft:redstone":10,"minecraft:spruce_door":10,"minecraft:diamond":13,"minecraft:stone_sword":1,"minecraft:pumpkin_seeds":12,"minecraft:arrow":2,"minecraft:rotten_flesh":10,"minecraft:spruce_boat":9,"minecraft:granite":1,"minecraft:golden_horse_armor":1,"minecraft:gold_ingot":4,"minecraft:mutton":6,"minecraft:coal":64,"minecraft:white_wool":5,"minecraft:cobblestone":90},"minecraft:mined":{"minecraft:deepslate_redstone_ore":4,"minecraft:tuff":10,"minecraft:white_bed":1,"minecraft:deepslate_diamond_ore":13,"minecraft:spruce_door":9,"minecraft:crafting_table":7,"minecraft:glow_lichen":2,"minecraft:granite":1,"minecraft:grass_block":4,"minecraft:chest":1,"minecraft:cobblestone":6,"minecraft:deepslate_gold_ore":12,"minecraft:spruce_leaves":7,"minecraft:lapis_ore":8,"minecraft:sugar_cane":3,"minecraft:redstone_ore":1,"minecraft:furnace":4,"minecraft:iron_ore":76,"minecraft:fire":9,"minecraft:spruce_log":12,"minecraft:andesite":7,"minecraft:coal_ore":67,"minecraft:deepslate_iron_ore":35,"minecraft:sand":1,"minecraft:gravel":7,"minecraft:dirt":3,"minecraft:stone":85,"minecraft:gold_ore":5,"minecraft:deepslate":108},"minecraft:used":{"minecraft:cooked_mutton":2,"minecraft:stone_sword":66,"minecraft:spruce_door":10,"minecraft:flint_and_steel":12,"minecraft:stone_pickaxe":131,"minecraft:shield":9,"minecraft:spruce_planks":6,"minecraft:wooden_pickaxe":15,"minecraft:torch":20,"minecraft:dirt":3,"minecraft:crafting_table":7,"minecraft:white_bed":1,"minecraft:spruce_boat":9,"minecraft:iron_pickaxe":300,"minecraft:gravel":14,"minecraft:stone_axe":36,"minecraft:cobblestone":63,"minecraft:furnace":4,"minecraft:cooked_porkchop":3,"minecraft:cooked_beef":7},"minecraft:custom":{"minecraft:interact_with_furnace":23,"minecraft:mob_kills":29,"minecraft:interact_with_crafting_table":17,"minecraft:leave_game":2,"minecraft:time_since_death":67633,"minecraft:time_since_rest":67633,"minecraft:sprint_one_cm":82985,"minecraft:damage_taken":918,"minecraft:walk_one_cm":161958,"minecraft:damage_blocked_by_shield":235,"minecraft:drop":12,"minecraft:damage_dealt":4316,"minecraft:swim_one_cm":70517,"minecraft:fly_one_cm":167189,"minecraft:open_chest":1,"minecraft:crouch_one_cm":7040,"minecraft:play_time":67633,"minecraft:sneak_time":3472,"minecraft:walk_under_water_one_cm":18746,"minecraft:boat_one_cm":136817,"minecraft:jump":1328,"minecraft:walk_on_water_one_cm":22239,"minecraft:total_world_time":67633,"minecraft:fall_one_cm":34228},"minecraft:crafted":{"minecraft:cooked_beef":2,"minecraft:cooked_porkchop":3,"minecraft:crafting_table":1,"minecraft:spruce_planks":48,"minecraft:wooden_pickaxe":1,"minecraft:iron_helmet":1,"minecraft:spruce_door":3,"minecraft:furnace":1,"minecraft:stone_axe":1,"minecraft:cooked_mutton":2,"minecraft:air":0,"minecraft:flint_and_steel":1,"minecraft:iron_chestplate":1,"minecraft:iron_boots":1,"minecraft:shield":1,"minecraft:stick":20,"minecraft:iron_ingot":82,"minecraft:iron_pickaxe":2,"minecraft:stone_pickaxe":1,"minecraft:stone_sword":1,"minecraft:iron_leggings":1,"minecraft:white_bed":1,"minecraft:spruce_boat":1,"minecraft:torch":20},"minecraft:dropped":{"minecraft:granite":1,"minecraft:pumpkin_seeds":12,"minecraft:andesite":7,"minecraft:arrow":2,"minecraft:wooden_pickaxe":1,"minecraft:sand":1,"minecraft:stone_pickaxe":1,"minecraft:string":4},"minecraft:broken":{"minecraft:stone_pickaxe":1,"minecraft:iron_pickaxe":1}},"DataVersion":3955}