{"stats":{"minecraft:picked_up":{"minecraft:wheat":8,"minecraft:oak_stairs":1,"minecraft:brewing_stand":3,"minecraft:golden_sword":1,"minecraft:string":95,"minecraft:beetroot":4,"minecraft:cobbled_deepslate":883,"minecraft:gold_nugget":295,"minecraft:smooth_stone":8,"minecraft:spruce_planks":1,"minecraft:furnace":7,"minecraft:stick":28,"minecraft:composter":1,"minecraft:oak_fence":21,"minecraft:torch":12,"minecraft:porkchop":19,"minecraft:stone_sword":2,"minecraft:rotten_flesh":41,"minecraft:white_terracotta":31,"minecraft:obsidian":18,"minecraft:cobblestone":185,"minecraft:birch_log":6,"minecraft:cooked_beef":23,"minecraft:magma_cream":2,"minecraft:andesite":7,"minecraft:potato":6,"minecraft:flint":14,"minecraft:tuff":18,"minecraft:dirt":245,"minecraft:lapis_lazuli":101,"minecraft:twisting_vines":6,"minecraft:bone":64,"minecraft:bow":1,"minecraft:stonecutter":2,"minecraft:cobbled_deepslate_wall":3,"minecraft:wheat_seeds":34,"minecraft:raw_gold":17,"minecraft:bell":3,"minecraft:fletching_table":7,"minecraft:powered_rail":2,"minecraft:oak_planks":106,"minecraft:warped_wart_block":3,"minecraft:sand":141,"minecraft:mossy_cobblestone":5,"minecraft:diamond":91,"minecraft:spruce_boat":16,"minecraft:crossbow":1,"minecraft:granite":13,"minecraft:bone_meal":2,"minecraft:golden_apple":2,"minecraft:golden_horse_armor":1,"minecraft:emerald":6,"minecraft:oak_sapling":29,"minecraft:netherrack":145,"minecraft:bricks":1,"minecraft:crimson_roots":6,"minecraft:crafting_table":12,"minecraft:chest_minecart":1,"minecraft:gold_block":1,"minecraft:oak_trapdoor":6,"minecraft:flint_and_steel":1,"minecraft:beef":15,"minecraft:oak_boat":14,"minecraft:sugar_cane":199,"minecraft:chest":6,"minecraft:raw_iron":120,"minecraft:oak_door":12,"minecraft:carrot":98,"minecraft:redstone":10,"minecraft:weeping_vines":1,"minecraft:arrow":23,"minecraft:beetroot_seeds":8,"minecraft:gold_ingot":4,"minecraft:mutton":10,"minecraft:white_wool":7,"minecraft:rail":102,"minecraft:oxeye_daisy":2,"minecraft:stripped_oak_log":33,"minecraft:basalt":26,"minecraft:leather":50,"minecraft:birch_planks":19,"minecraft:crimson_fungus":1,"minecraft:oak_log":412,"minecraft:yellow_bed":6,"minecraft:golden_boots":1,"minecraft:gunpowder":19,"minecraft:cobblestone_stairs":8,"minecraft:cooked_mutton":2,"minecraft:iron_ingot":12,"minecraft:stone_pickaxe":1,"minecraft:iron_sword":3,"minecraft:oak_slab":26,"minecraft:quartz":274,"minecraft:gravel":51,"minecraft:white_bed":25,"minecraft:spruce_log":12,"minecraft:spruce_door":10,"minecraft:mossy_stone_brick_slab":1,"minecraft:crying_obsidian":2,"minecraft:spider_eye":12,"minecraft:pumpkin_seeds":12,"minecraft:warped_roots":4,"minecraft:warped_nylium":1,"minecraft:coal":108,"minecraft:ender_pearl":4},"minecraft:used":{"minecraft:iron_shovel":221,"minecraft:oak_sign":3,"minecraft:chest":18,"minecraft:shield":49,"minecraft:iron_sword":486,"minecraft:bell":3,"minecraft:nether_bricks":1,"minecraft:carrot":95,"minecraft:tuff":14,"minecraft:obsidian":14,"minecraft:spruce_boat":16,"minecraft:glass":74,"minecraft:oak_sapling":28,"minecraft:furnace":10,"minecraft:spruce_door":10,"minecraft:stone_pickaxe":131,"minecraft:oak_planks":280,"minecraft:wooden_pickaxe":15,"minecraft:composter":2,"minecraft:diamond_axe":83,"minecraft:sugar_cane":34,"minecraft:sand":39,"minecraft:blast_furnace":1,"minecraft:crossbow":5,"minecraft:deepslate":102,"minecraft:gravel":38,"minecraft:diamond_sword":172,"minecraft:grindstone":1,"minecraft:oak_boat":12,"minecraft:bone_meal":84,"minecraft:experience_bottle":136,"minecraft:oak_trapdoor":17,"minecraft:enchanting_table":1,"minecraft:stone_sword":127,"minecraft:flint_and_steel":15,"minecraft:spruce_planks":7,"minecraft:netherrack":99,"minecraft:oak_door":2,"minecraft:torch":47,"minecraft:dirt":217,"minecraft:anvil":1,"minecraft:iron_hoe":14,"minecraft:bookshelf":16,"minecraft:iron_axe":647,"minecraft:oak_stairs":1,"minecraft:basalt":15,"minecraft:cooked_beef":61,"minecraft:cobbled_deepslate":234,"minecraft:cobbled_deepslate_wall":6,"minecraft:cooked_mutton":4,"minecraft:water_bucket":18,"minecraft:birch_planks":23,"minecraft:fletching_table":10,"minecraft:mossy_cobblestone":1,"minecraft:oak_slab":47,"minecraft:crafting_table":16,"minecraft:white_bed":23,"minecraft:wooden_hoe":59,"minecraft:diamond_pickaxe":1645,"minecraft:iron_pickaxe":322,"minecraft:stone_axe":88,"minecraft:cobblestone":138,"minecraft:cobbled_deepslate_slab":5,"minecraft:cooked_porkchop":8,"minecraft:bucket":19,"minecraft:yellow_bed":6,"minecraft:stripped_oak_log":4},"minecraft:dropped":{"minecraft:iron_sword":5,"minecraft:crafting_table":2,"minecraft:flint":2,"minecraft:dirt":2,"minecraft:mutton":2,"minecraft:gold_nugget":14,"minecraft:sand":3,"minecraft:white_wool":4,"minecraft:gravel":3,"minecraft:crimson_fungus":1,"minecraft:cobbled_deepslate":2,"minecraft:beetroot":4,"minecraft:rotten_flesh":5,"minecraft:oak_planks":18,"minecraft:white_bed":1,"minecraft:beetroot_seeds":3,"minecraft:melon_seeds":2,"minecraft:basalt":8,"minecraft:arrow":2,"minecraft:warped_wart_block":3,"minecraft:crying_obsidian":1,"minecraft:golden_boots":1,"minecraft:iron_ingot":29,"minecraft:oak_slab":1,"minecraft:mossy_cobblestone":1,"minecraft:granite":1,"minecraft:spruce_door":3,"minecraft:coal":3,"minecraft:oxeye_daisy":1,"minecraft:string":5,"minecraft:oak_trapdoor":2,"minecraft:stone_sword":1,"minecraft:deepslate":1,"minecraft:tuff":4,"minecraft:raw_iron":5,"minecraft:pumpkin_seeds":12,"minecraft:diamond_pickaxe":1,"minecraft:andesite":7,"minecraft:oak_sapling":1,"minecraft:spider_eye":7,"minecraft:bow":1,"minecraft:stone_pickaxe":1,"minecraft:wooden_pickaxe":1},"minecraft:mined":{"minecraft:white_bed":24,"minecraft:farmland":1,"minecraft:mossy_stone_brick_slab":1,"minecraft:cobblestone_stairs":8,"minecraft:brewing_stand":3,"minecraft:obsidian":18,"minecraft:granite":1,"minecraft:grass_block":138,"minecraft:composter":1,"minecraft:oxeye_daisy":1,"minecraft:smooth_stone":8,"minecraft:weeping_vines_plant":1,"minecraft:iron_ore":76,"minecraft:fire":23,"minecraft:cobbled_deepslate":29,"minecraft:fletching_table":7,"minecraft:deepslate_lapis_ore":11,"minecraft:dirt_path":7,"minecraft:oak_stairs":1,"minecraft:deepslate_redstone_ore":4,"minecraft:blackstone":1,"minecraft:twisting_vines_plant":4,"minecraft:crimson_nylium":7,"minecraft:blast_furnace":1,"minecraft:chest":6,"minecraft:nether_quartz_ore":128,"minecraft:glass":1,"minecraft:cobblestone":81,"minecraft:sugar_cane":98,"minecraft:oak_planks":106,"minecraft:bricks":1,"minecraft:wall_torch":3,"minecraft:seagrass":1,"minecraft:white_terracotta":34,"minecraft:warped_nylium":10,"minecraft:birch_log":6,"minecraft:wheat":12,"minecraft:oak_log":421,"minecraft:beetroots":2,"minecraft:sand":135,"minecraft:dirt":57,"minecraft:stonecutter":2,"minecraft:netherrack":167,"minecraft:oak_leaves":81,"minecraft:deepslate":988,"minecraft:nether_gold_ore":39,"minecraft:crying_obsidian":1,"minecraft:tuff":17,"minecraft:mossy_cobblestone":5,"minecraft:deepslate_diamond_ore":80,"minecraft:oak_door":12,"minecraft:glow_lichen":2,"minecraft:cobbled_deepslate_slab":2,"minecraft:crimson_roots":6,"minecraft:spruce_leaves":7,"minecraft:hay_block":1,"minecraft:redstone_ore":1,"minecraft:oak_trapdoor":4,"minecraft:furnace":7,"minecraft:carrots":32,"minecraft:nether_sprouts":1,"minecraft:andesite":7,"minecraft:gold_block":1,"minecraft:bell":3,"minecraft:potatoes":2,"minecraft:deepslate_iron_ore":37,"minecraft:rail":94,"minecraft:stripped_oak_log":33,"minecraft:stone":85,"minecraft:oak_slab":23,"minecraft:glass_pane":2,"minecraft:basalt":28,"minecraft:dandelion":1,"minecraft:spruce_door":9,"minecraft:oak_fence":20,"minecraft:crafting_table":12,"minecraft:cobbled_deepslate_wall":3,"minecraft:short_grass":118,"minecraft:warped_roots":4,"minecraft:sculk_sensor":4,"minecraft:tall_grass":16,"minecraft:lapis_ore":8,"minecraft:deepslate_gold_ore":13,"minecraft:sculk":4,"minecraft:warped_wart_block":1,"minecraft:birch_planks":19,"minecraft:spruce_log":12,"minecraft:birch_leaves":2,"minecraft:yellow_bed":6,"minecraft:coal_ore":67,"minecraft:gravel":64,"minecraft:cobweb":62,"minecraft:gold_ore":5},"minecraft:crafted":{"minecraft:grindstone":1,"minecraft:oak_planks":1744,"minecraft:oak_sign":3,"minecraft:stone":7,"minecraft:bookshelf":16,"minecraft:cooked_mutton":6,"minecraft:glass":75,"minecraft:diamond_helmet":1,"minecraft:diamond_leggings":1,"minecraft:iron_boots":1,"minecraft:chest":12,"minecraft:oak_slab":36,"minecraft:deepslate":39,"minecraft:emerald":69,"minecraft:cooked_porkchop":9,"minecraft:diamond_axe":1,"minecraft:crafting_table":6,"minecraft:spruce_planks":48,"minecraft:wooden_pickaxe":1,"minecraft:iron_helmet":1,"minecraft:spruce_door":3,"minecraft:cobbled_deepslate_wall":6,"minecraft:fletching_table":3,"minecraft:birch_planks":24,"minecraft:iron_chestplate":1,"minecraft:book":50,"minecraft:wooden_hoe":1,"minecraft:paper":165,"minecraft:diamond_pickaxe":2,"minecraft:shield":1,"minecraft:stick":2260,"minecraft:stone_slab":6,"minecraft:iron_ingot":125,"minecraft:iron_pickaxe":2,"minecraft:iron_block":3,"minecraft:stone_sword":1,"minecraft:composter":1,"minecraft:cobbled_deepslate_slab":6,"minecraft:furnace":4,"minecraft:blast_furnace":1,"minecraft:bone_meal":82,"minecraft:oak_trapdoor":18,"minecraft:flint_and_steel":2,"minecraft:iron_axe":10,"minecraft:iron_hoe":1,"minecraft:stone_pickaxe":1,"minecraft:diamond_boots":1,"minecraft:spruce_boat":1,"minecraft:cooked_beef":2,"minecraft:diamond_sword":1,"minecraft:enchanting_table":1,"minecraft:iron_sword":4,"minecraft:bucket":1,"minecraft:stone_axe":1,"minecraft:air":0,"minecraft:oak_boat":1,"minecraft:iron_shovel":1,"minecraft:iron_leggings":1,"minecraft:anvil":1,"minecraft:white_bed":1,"minecraft:torch":36,"minecraft:diamond_chestplate":1},"minecraft:killed":{"minecraft:cave_spider":7,"minecraft:zombified_piglin":17,"minecraft:spider":16,"minecraft:skeleton":35,"minecraft:chicken":1,"minecraft:turtle":1,"minecraft:magma_cube":12,"minecraft:piglin":6,"minecraft:pig":4,"minecraft:iron_golem":1,"minecraft:creeper":11,"minecraft:sheep":7,"minecraft:trader_llama":1,"minecraft:zombie":43,"minecraft:ghast":1,"minecraft:blaze":4,"minecraft:cow":19,"minecraft:horse":10,"minecraft:hoglin":3,"minecraft:wither_skeleton":2,"minecraft:enderman":6},"minecraft:custom":{"minecraft:interact_with_crafting_table":80,"minecraft:bell_ring":64,"minecraft:leave_game":12,"minecraft:time_since_death":340713,"minecraft:sprint_one_cm":702110,"minecraft:damage_blocked_by_shield":1896,"minecraft:drop":73,"minecraft:talked_to_villager":67,"minecraft:play_time":435838,"minecraft:deaths":1,"minecraft:jump":8310,"minecraft:walk_on_water_one_cm":77435,"minecraft:enchant_item":5,"minecraft:interact_with_furnace":72,"minecraft:traded_with_villager":80,"minecraft:sleep_in_bed":14,"minecraft:damage_dealt":38520,"minecraft:crouch_one_cm":78047,"minecraft:mob_kills":217,"minecraft:interact_with_anvil":2,"minecraft:climb_one_cm":1306,"minecraft:walk_one_cm":1216725,"minecraft:sneak_time":30582,"minecraft:walk_under_water_one_cm":27952,"minecraft:boat_one_cm":522145,"minecraft:total_world_time":435838,"minecraft:interact_with_grindstone":1,"minecraft:time_since_rest":44274,"minecraft:damage_taken":4942,"minecraft:swim_one_cm":70833,"minecraft:fly_one_cm":1742376,"minecraft:open_chest":106,"minecraft:fall_one_cm":167256},"minecraft:broken":{"minecraft:stone_pickaxe":1,"minecraft:iron_sword":1,"minecraft:iron_axe":1,"minecraft:iron_pickaxe":1,"minecraft:iron_helmet":1,"minecraft:wooden_hoe":1}},"DataVersion":3955}