{"stats":{"minecraft:broken":{"minecraft:stone_sword":1,"minecraft:stone_pickaxe":1,"minecraft:iron_pickaxe":1},"minecraft:mined":{"minecraft:tuff":1,"biomesoplenty:desert_grass":1,"minecraft:dark_oak_log":8,"minecraft:glow_lichen":1,"biomesoplenty:bush":9,"minecraft:granite":3,"minecraft:stripped_crimson_hyphae":1,"minecraft:acacia_log":11,"travelersbackpack:iron":3,"minecraft:sandstone":9,"biomesoplenty:dune_grass":4,"minecraft:spawner":1,"minecraft:hay_block":37,"minecraft:furnace":4,"minecraft:iron_ore":49,"minecraft:red_sandstone":9,"minecraft:fire":3,"minecraft:deepslate_lapis_ore":8,"minecraft:peony":1,"biomesoplenty:hanging_cobweb":1,"minecraft:bookshelf":8,"minecraft:deepslate_iron_ore":41,"biomesoplenty:webbing":4,"minecraft:stone":76,"biomesoplenty:spider_egg":2,"minecraft:bone_block":26,"minecraft:spruce_slab":1,"minecraft:green_bed":2,"minecraft:cut_sandstone":1,"minecraft:oak_slab":1,"minecraft:acacia_leaves":2,"minecraft:glass_pane":2,"minecraft:cyan_terracotta":1,"biomesoplenty:orange_sand":5,"byg:golden_spined_cactus":3,"minecraft:smoker":1,"minecraft:orange_terracotta":4,"minecraft:crafting_table":4,"minecraft:torch":9,"minecraft:light_gray_terracotta":6,"minecraft:dark_oak_wood":1,"minecraft:melon":8,"minecraft:dead_bush":27,"minecraft:lectern":1,"minecraft:copper_ore":4,"minecraft:cobblestone":2,"biomesoplenty:sprout":1,"minecraft:deepslate_gold_ore":2,"minecraft:lapis_ore":6,"minecraft:damaged_anvil":2,"minecraft:oak_planks":13,"minecraft:sugar_cane":8,"minecraft:iron_door":1,"minecraft:diorite":1,"minecraft:wall_torch":8,"minecraft:spruce_stairs":1,"minecraft:white_terracotta":8,"minecraft:red_terracotta":13,"minecraft:lime_bed":1,"byg:soapstone":14,"byg:blooming_aloe_vera":1,"minecraft:wheat":62,"minecraft:white_carpet":3,"byg:windswept_sand":3,"minecraft:grass":18,"minecraft:coal_ore":96,"minecraft:oak_log":7,"minecraft:dirt":15,"minecraft:brown_terracotta":11,"minecraft:cobweb":36,"biomesoplenty:stringy_cobweb":1,"minecraft:terracotta":27,"minecraft:cut_red_sandstone":1,"minecraft:gold_ore":15,"minecraft:oak_leaves":1,"minecraft:deepslate":23},"minecraft:crafted":{"minecraft:oak_planks":24,"minecraft:furnace":1,"minecraft:iron_axe":2,"minecraft:stone_pickaxe":1,"minecraft:dark_oak_planks":32,"minecraft:wheat":288,"blue_skies:blue_journal":2,"minecraft:crafting_table":4,"minecraft:iron_sword":3,"minecraft:bucket":2,"minecraft:bread":95,"minecraft:air":0,"aether:iron_gloves":1,"minecraft:iron_chestplate":2,"minecraft:shield":3,"minecraft:stick":14,"minecraft:iron_ingot":63,"minecraft:iron_pickaxe":2,"minecraft:stone_sword":1,"minecraft:iron_leggings":1,"alexsmobs:emu_leggings":2,"minecraft:acacia_planks":16,"minecraft:torch":36},"minecraft:dropped":{"minecraft:iron_ingot":24,"minecraft:iron_sword":4,"minecraft:wheat_seeds":31,"minecraft:glass_bottle":1,"minecraft:diamond":1,"minecraft:grass_block":1,"minecraft:flint":1,"alexsmobs:roadrunner_feather":1,"minecraft:diorite":2,"aquaculture:gar":1,"minecraft:torch":24,"minecraft:dark_oak_wood":1,"byg:soapstone":2,"minecraft:iron_pickaxe":1,"alexsmobs:emu_leggings":1,"minecraft:string":1,"minecraft:raw_copper":19,"minecraft:rotten_flesh":1,"mca:scythe":1,"minecraft:shield":1,"byg:windswept_sand":3,"minecraft:spruce_slab":1,"biomemakeover:cowboy_hat":1},"minecraft:used":{"alexsmobs:emu_egg":8,"minecraft:stone_sword":145,"minecraft:acacia_log":4,"minecraft:shield":76,"minecraft:white_terracotta":6,"minecraft:iron_sword":406,"minecraft:iron_chestplate":1,"minecraft:torch":38,"minecraft:chiseled_red_sandstone":4,"minecraft:dirt":15,"minecraft:carrot":2,"travelersbackpack:iron":6,"minecraft:granite":1,"minecraft:milk_bucket":1,"minecraft:brown_terracotta":20,"minecraft:dark_oak_planks":4,"minecraft:iron_axe":42,"minecraft:grass_block":12,"minecraft:iron_helmet":1,"biomesoplenty:orange_sand":5,"minecraft:bow":8,"minecraft:hay_block":1,"minecraft:furnace":4,"minecraft:cobbled_deepslate":18,"minecraft:acacia_planks":1,"minecraft:orange_terracotta":4,"minecraft:iron_leggings":1,"minecraft:diorite":1,"minecraft:wheat_seeds":12,"minecraft:baked_potato":1,"minecraft:oak_planks":10,"minecraft:stone_pickaxe":135,"minecraft:green_bed":1,"biomemakeover:cowboy_hat":2,"minecraft:terracotta":26,"minecraft:lime_bed":1,"minecraft:crafting_table":6,"minecraft:light_gray_terracotta":2,"minecraft:crossbow":4,"mca:scythe":3,"minecraft:apple":2,"minecraft:melon_slice":12,"minecraft:bread":92,"minecraft:iron_pickaxe":352,"minecraft:cut_red_sandstone":1,"minecraft:red_terracotta":14,"minecraft:gravel":18,"byg:soapstone":13,"minecraft:potion":1,"minecraft:cobblestone":108,"minecraft:stripped_crimson_hyphae":1,"minecraft:bucket":4,"minecraft:pumpkin_pie":3,"alexsmobs:animal_dictionary":1,"minecraft:experience_bottle":2},"minecraft:killed_by":{"minecraft:player":1,"minecraft:creeper":1,"alexsmobs:emu":1,"minecraft:vindicator":2,"minecraft:zombie":1},"minecraft:killed":{"minecraft:cave_spider":3,"alexsmobs:tarantula_hawk":1,"alexsmobs:raccoon":2,"minecraft:spider":6,"minecraft:vindicator":4,"aquaculture:gar":1,"alexsmobs:rattlesnake":1,"minecraft:skeleton":12,"alexsmobs:kangaroo":7,"minecraft:husk":1,"biomemakeover:ghost":5,"minecraft:pig":2,"alexsmobs:grizzly_bear":1,"alexsmobs:skunk":1,"biomemakeover:scuttler":1,"minecraft:creeper":3,"alexsmobs:emu":15,"minecraft:pillager":10,"minecraft:zombie":22,"alexsmobs:gazelle":2,"alexsmobs:roadrunner":2},"minecraft:picked_up":{"byg:windswept_sand":6,"minecraft:iron_chestplate":3,"minecraft:crafting_table":7,"minecraft:wheat":163,"byg:soapstone":21,"blue_skies:blue_journal":2,"alexsmobs:emu_leggings":1,"aether:iron_gloves":2,"alexsmobs:roadrunner_feather":6,"biomemakeover:ectoplasm":1,"minecraft:orange_banner":3,"minecraft:potion":5,"minecraft:shield":7,"minecraft:string":94,"minecraft:raw_copper":71,"minecraft:iron_axe":3,"minecraft:flint_and_steel":1,"minecraft:iron_leggings":2,"minecraft:item_frame":4,"alexsmobs:emu_feather":20,"minecraft:gold_nugget":3,"minecraft:cobbled_deepslate":28,"minecraft:bucket":1,"minecraft:beef":4,"minecraft:iron_pickaxe":9,"minecraft:spruce_slab":1,"alexsmobs:raccoon_tail":1,"minecraft:lectern":1,"minecraft:melon_slice":60,"minecraft:sugar_cane":18,"byg:golden_spined_cactus":8,"biomesoplenty:hanging_cobweb":1,"minecraft:furnace":9,"minecraft:iron_boots":4,"minecraft:stripped_crimson_hyphae":1,"minecraft:stick":38,"minecraft:raw_iron":123,"minecraft:sandstone":39,"minecraft:brown_terracotta":46,"minecraft:acacia_log":18,"minecraft:torch":46,"minecraft:green_bed":2,"minecraft:spruce_stairs":2,"minecraft:diorite":4,"minecraft:carrot":1,"biomemakeover:scuttler_tail":1,"biomemakeover:cowboy_hat":5,"minecraft:dark_oak_planks":48,"travelersbackpack:iron":5,"byg:biomepedia":3,"minecraft:arrow":40,"minecraft:stone_shovel":4,"minecraft:rotten_flesh":64,"minecraft:pumpkin_pie":3,"minecraft:hay_block":85,"alexsmobs:emu_egg":23,"minecraft:gold_ingot":12,"minecraft:white_terracotta":10,"minecraft:mutton":2,"biomesoplenty:orange_sand":5,"alexsmobs:kangaroo_meat":11,"minecraft:bone_block":66,"minecraft:cobblestone":174,"minecraft:lime_bed":3,"minecraft:clock":2,"minecraft:feather":2,"minecraft:iron_door":2,"minecraft:acacia_leaves":1,"minecraft:smoker":5,"minecraft:potato":20,"minecraft:flint":3,"minecraft:tuff":2,"minecraft:oak_log":12,"minecraft:gunpowder":21,"byg:aloe_vera":18,"mca:book_romance":1,"minecraft:lapis_lazuli":84,"minecraft:dirt":15,"minecraft:paper":10,"minecraft:white_banner":1,"minecraft:orange_terracotta":7,"minecraft:bone":15,"minecraft:acacia_planks":12,"minecraft:apple":2,"minecraft:bow":2,"minecraft:red_sandstone":18,"minecraft:wheat_seeds":201,"minecraft:raw_gold":39,"minecraft:iron_ingot":104,"minecraft:iron_sword":11,"minecraft:oak_planks":41,"minecraft:book":27,"minecraft:oak_slab":5,"aquaculture:gar":2,"minecraft:poisonous_potato":1,"minecraft:gravel":41,"minecraft:dark_oak_log":8,"minecraft:red_terracotta":15,"minecraft:spider_eye":4,"alexsmobs:animal_dictionary":5,"minecraft:cut_red_sandstone":1,"minecraft:light_gray_terracotta":10,"alexsmobs:kangaroo_hide":9,"minecraft:diamond":3,"waystones:waystone":1,"minecraft:iron_helmet":4,"minecraft:crossbow":3,"minecraft:granite":3,"alexsmobs:tarantula_hawk_wing_fragment":1,"minecraft:emerald":6,"minecraft:bread":140,"minecraft:baked_potato":5,"minecraft:terracotta":29,"minecraft:chiseled_red_sandstone":4,"minecraft:damaged_anvil":2,"minecraft:dark_oak_wood":1,"minecraft:coal":183},"minecraft:custom":{"minecraft:mob_kills":112,"minecraft:interact_with_crafting_table":31,"minecraft:open_barrel":36,"minecraft:leave_game":13,"minecraft:time_since_death":13506,"minecraft:climb_one_cm":5195,"minecraft:sprint_one_cm":484477,"minecraft:walk_one_cm":591349,"minecraft:damage_blocked_by_shield":2460,"minecraft:drop":31,"minecraft:talked_to_villager":1,"minecraft:play_time":311894,"minecraft:sneak_time":17362,"minecraft:deaths":10,"minecraft:walk_under_water_one_cm":39741,"minecraft:boat_one_cm":266785,"minecraft:jump":6486,"minecraft:interact_with_blast_furnace":2,"minecraft:walk_on_water_one_cm":61093,"minecraft:total_world_time":311894,"minecraft:interact_with_furnace":18,"minecraft:traded_with_villager":2,"minecraft:interact_with_cartography_table":2,"minecraft:sleep_in_bed":7,"minecraft:time_since_rest":8771,"minecraft:damage_taken":7307,"minecraft:damage_absorbed":132,"minecraft:trigger_trapped_chest":1,"minecraft:damage_dealt":19948,"minecraft:swim_one_cm":21085,"minecraft:fly_one_cm":1359647,"minecraft:open_chest":31,"minecraft:crouch_one_cm":40638,"minecraft:interact_with_smoker":1,"minecraft:fall_one_cm":215147}},"DataVersion":3120}