{"stats":{"minecraft:killed_by":{"minecraft:player":1,"minecraft:creeper":1,"alexsmobs:emu":1},"minecraft:custom":{"minecraft:mob_kills":42,"minecraft:interact_with_crafting_table":12,"minecraft:open_barrel":8,"minecraft:leave_game":5,"minecraft:time_since_death":37829,"minecraft:climb_one_cm":4665,"minecraft:sprint_one_cm":259981,"minecraft:walk_one_cm":273459,"minecraft:damage_blocked_by_shield":1020,"minecraft:drop":15,"minecraft:play_time":141286,"minecraft:deaths":6,"minecraft:sneak_time":8746,"minecraft:walk_under_water_one_cm":13002,"minecraft:jump":3805,"minecraft:walk_on_water_one_cm":34699,"minecraft:total_world_time":141286,"minecraft:interact_with_furnace":6,"minecraft:interact_with_cartography_table":2,"minecraft:sleep_in_bed":5,"minecraft:time_since_rest":20861,"minecraft:damage_taken":3597,"minecraft:damage_absorbed":20,"minecraft:trigger_trapped_chest":1,"minecraft:damage_dealt":7267,"minecraft:swim_one_cm":17501,"minecraft:fly_one_cm":788802,"minecraft:open_chest":19,"minecraft:crouch_one_cm":22394,"minecraft:interact_with_smoker":1,"minecraft:fall_one_cm":133215},"minecraft:killed":{"minecraft:cave_spider":1,"minecraft:spider":2,"aquaculture:gar":1,"alexsmobs:rattlesnake":1,"minecraft:skeleton":3,"alexsmobs:kangaroo":6,"biomemakeover:scuttler":1,"alexsmobs:emu":15,"minecraft:zombie":5,"alexsmobs:gazelle":2,"alexsmobs:roadrunner":2},"minecraft:picked_up":{"minecraft:wheat":129,"byg:soapstone":14,"alexsmobs:roadrunner_feather":4,"minecraft:potion":5,"minecraft:orange_banner":3,"minecraft:shield":4,"minecraft:string":83,"minecraft:raw_copper":14,"minecraft:item_frame":4,"alexsmobs:emu_feather":20,"minecraft:gold_nugget":3,"minecraft:iron_pickaxe":6,"minecraft:melon_slice":32,"minecraft:sugar_cane":12,"minecraft:furnace":6,"minecraft:raw_iron":4,"minecraft:stick":30,"minecraft:brown_terracotta":36,"minecraft:torch":29,"minecraft:acacia_log":10,"biomemakeover:scuttler_tail":1,"biomemakeover:cowboy_hat":3,"minecraft:dark_oak_planks":48,"travelersbackpack:iron":1,"byg:biomepedia":3,"minecraft:arrow":8,"minecraft:stone_shovel":4,"minecraft:rotten_flesh":19,"minecraft:hay_block":73,"alexsmobs:emu_egg":22,"minecraft:white_terracotta":8,"minecraft:mutton":1,"alexsmobs:kangaroo_meat":9,"biomesoplenty:orange_sand":1,"minecraft:bone_block":3,"minecraft:cobblestone":88,"minecraft:lime_bed":3,"minecraft:feather":2,"minecraft:iron_door":2,"minecraft:acacia_leaves":1,"minecraft:smoker":5,"minecraft:potato":20,"minecraft:oak_log":12,"mca:book_romance":1,"minecraft:paper":10,"minecraft:dirt":15,"minecraft:orange_terracotta":3,"minecraft:bone":4,"minecraft:apple":2,"minecraft:red_sandstone":18,"minecraft:wheat_seeds":106,"minecraft:raw_gold":28,"minecraft:iron_sword":5,"minecraft:oak_planks":20,"minecraft:book":3,"aquaculture:gar":2,"minecraft:poisonous_potato":1,"minecraft:red_terracotta":15,"minecraft:dark_oak_log":8,"alexsmobs:animal_dictionary":4,"minecraft:cut_red_sandstone":1,"minecraft:light_gray_terracotta":7,"alexsmobs:kangaroo_hide":9,"minecraft:iron_helmet":4,"minecraft:bread":44,"minecraft:chiseled_red_sandstone":4,"minecraft:terracotta":29,"minecraft:dark_oak_wood":1,"minecraft:coal":99},"minecraft:mined":{"minecraft:dark_oak_log":8,"minecraft:glow_lichen":1,"biomesoplenty:bush":5,"minecraft:acacia_log":7,"biomesoplenty:dune_grass":1,"minecraft:spawner":1,"minecraft:hay_block":31,"minecraft:furnace":2,"minecraft:red_sandstone":9,"minecraft:iron_ore":4,"minecraft:stone":68,"minecraft:bone_block":5,"minecraft:acacia_leaves":1,"minecraft:cyan_terracotta":1,"biomesoplenty:orange_sand":1,"minecraft:smoker":1,"minecraft:orange_terracotta":3,"minecraft:torch":6,"minecraft:light_gray_terracotta":6,"minecraft:dark_oak_wood":1,"minecraft:melon":3,"minecraft:dead_bush":25,"minecraft:cobblestone":2,"minecraft:copper_ore":4,"minecraft:sugar_cane":4,"minecraft:iron_door":1,"minecraft:white_terracotta":6,"byg:soapstone":14,"minecraft:lime_bed":1,"minecraft:red_terracotta":13,"minecraft:wheat":25,"minecraft:grass":10,"minecraft:coal_ore":85,"minecraft:oak_log":7,"minecraft:dirt":15,"minecraft:cobweb":36,"minecraft:brown_terracotta":11,"minecraft:terracotta":27,"minecraft:cut_red_sandstone":1,"minecraft:gold_ore":15,"minecraft:oak_leaves":1},"minecraft:crafted":{"minecraft:oak_planks":24,"minecraft:dark_oak_planks":32,"minecraft:wheat":171,"minecraft:crafting_table":2,"minecraft:bread":57,"minecraft:shield":2,"minecraft:stick":2,"minecraft:stone_sword":1,"alexsmobs:emu_leggings":2,"minecraft:torch":36},"minecraft:used":{"alexsmobs:emu_egg":8,"minecraft:stone_sword":64,"minecraft:shield":28,"minecraft:white_terracotta":4,"minecraft:iron_sword":164,"minecraft:torch":18,"minecraft:chiseled_red_sandstone":4,"travelersbackpack:iron":1,"minecraft:dark_oak_planks":4,"minecraft:brown_terracotta":10,"minecraft:iron_helmet":1,"biomesoplenty:orange_sand":1,"minecraft:hay_block":1,"minecraft:furnace":2,"minecraft:wheat_seeds":12,"biomemakeover:cowboy_hat":1,"minecraft:terracotta":26,"minecraft:crafting_table":2,"minecraft:lime_bed":1,"minecraft:light_gray_terracotta":2,"minecraft:apple":2,"minecraft:bread":46,"minecraft:melon_slice":2,"minecraft:iron_pickaxe":292,"minecraft:red_terracotta":14,"minecraft:cut_red_sandstone":1,"minecraft:cobblestone":34,"minecraft:potion":1,"alexsmobs:animal_dictionary":1},"minecraft:broken":{"minecraft:iron_pickaxe":1},"minecraft:dropped":{"minecraft:iron_ingot":2,"minecraft:iron_sword":2,"minecraft:wheat_seeds":2,"minecraft:glass_bottle":1,"minecraft:diamond":1,"aquaculture:gar":1,"minecraft:torch":24,"minecraft:dark_oak_wood":1,"minecraft:iron_pickaxe":1,"alexsmobs:emu_leggings":1,"minecraft:shield":1,"biomemakeover:cowboy_hat":1}},"DataVersion":3120}