{"stats":{"minecraft:killed":{"minecraft:sheep":3,"minecraft:zombie":2,"minecraft:pig":4,"minecraft:cow":1},"minecraft:picked_up":{"minecraft:raw_iron":3,"minecraft:crafting_table":5,"minecraft:andesite":5,"minecraft:leather":2,"minecraft:porkchop":15,"minecraft:sand":1,"minecraft:spruce_log":12,"minecraft:lapis_lazuli":11,"minecraft:spruce_door":4,"minecraft:dirt":6,"minecraft:rotten_flesh":2,"minecraft:spruce_boat":7,"minecraft:cobbled_deepslate":7,"minecraft:beef":2,"minecraft:granite":1,"minecraft:stone_pickaxe":1,"minecraft:coal":3,"minecraft:sugar_cane":14,"minecraft:mutton":4,"minecraft:white_wool":3,"minecraft:cobblestone":42,"minecraft:furnace":2},"minecraft:mined":{"minecraft:furnace":2,"minecraft:iron_ore":1,"minecraft:spruce_log":12,"minecraft:andesite":5,"minecraft:spruce_door":3,"minecraft:glow_lichen":1,"minecraft:crafting_table":5,"minecraft:granite":1,"minecraft:grass_block":3,"minecraft:coal_ore":2,"minecraft:deepslate_iron_ore":2,"minecraft:sand":1,"minecraft:dirt":3,"minecraft:spruce_leaves":7,"minecraft:lapis_ore":2,"minecraft:stone":42,"minecraft:sugar_cane":3,"minecraft:deepslate":7},"minecraft:used":{"minecraft:spruce_boat":7,"minecraft:cooked_mutton":2,"minecraft:spruce_door":5,"minecraft:stone_pickaxe":53,"minecraft:spruce_planks":6,"minecraft:wooden_pickaxe":15,"minecraft:stone_axe":27,"minecraft:dirt":3,"minecraft:cobblestone":14,"minecraft:crafting_table":5,"minecraft:furnace":2,"minecraft:cooked_beef":2},"minecraft:custom":{"minecraft:time_since_rest":25676,"minecraft:interact_with_furnace":13,"minecraft:sprint_one_cm":30125,"minecraft:damage_taken":265,"minecraft:walk_one_cm":40214,"minecraft:mob_kills":10,"minecraft:drop":1,"minecraft:damage_dealt":1141,"minecraft:swim_one_cm":41668,"minecraft:interact_with_crafting_table":8,"minecraft:fly_one_cm":98284,"minecraft:crouch_one_cm":335,"minecraft:play_time":25676,"minecraft:sneak_time":369,"minecraft:walk_under_water_one_cm":10373,"minecraft:boat_one_cm":95776,"minecraft:jump":441,"minecraft:leave_game":2,"minecraft:time_since_death":25676,"minecraft:walk_on_water_one_cm":13313,"minecraft:total_world_time":25676,"minecraft:fall_one_cm":13043},"minecraft:crafted":{"minecraft:cooked_beef":2,"minecraft:cooked_porkchop":3,"minecraft:shield":1,"minecraft:crafting_table":1,"minecraft:spruce_planks":48,"minecraft:stick":12,"minecraft:iron_ingot":1,"minecraft:wooden_pickaxe":1,"minecraft:stone_pickaxe":1,"minecraft:stone_sword":1,"minecraft:spruce_door":3,"minecraft:furnace":1,"minecraft:spruce_boat":1,"minecraft:stone_axe":1,"minecraft:cooked_mutton":2,"minecraft:air":0},"minecraft:dropped":{"minecraft:stone_pickaxe":1}},"DataVersion":3955}