{"stats":{"minecraft:killed_by":{"minecraft:player":1,"minecraft:creeper":1,"alexsmobs:emu":1},"minecraft:custom":{"minecraft:interact_with_furnace":1,"minecraft:mob_kills":20,"minecraft:interact_with_crafting_table":4,"minecraft:interact_with_cartography_table":2,"minecraft:open_barrel":8,"minecraft:leave_game":5,"minecraft:time_since_death":1829,"minecraft:sleep_in_bed":4,"minecraft:climb_one_cm":1903,"minecraft:time_since_rest":541,"minecraft:damage_taken":2534,"minecraft:sprint_one_cm":199309,"minecraft:walk_one_cm":198092,"minecraft:damage_blocked_by_shield":640,"minecraft:trigger_trapped_chest":1,"minecraft:drop":10,"minecraft:damage_dealt":3336,"minecraft:swim_one_cm":17501,"minecraft:fly_one_cm":546846,"minecraft:open_chest":16,"minecraft:play_time":105286,"minecraft:crouch_one_cm":13430,"minecraft:deaths":6,"minecraft:sneak_time":4520,"minecraft:walk_under_water_one_cm":13002,"minecraft:jump":2732,"minecraft:walk_on_water_one_cm":33822,"minecraft:total_world_time":105286,"minecraft:fall_one_cm":101811},"minecraft:killed":{"minecraft:cave_spider":1,"biomemakeover:scuttler":1,"minecraft:spider":2,"aquaculture:gar":1,"alexsmobs:emu":7,"minecraft:skeleton":2,"minecraft:zombie":2,"alexsmobs:roadrunner":2,"alexsmobs:kangaroo":1},"minecraft:picked_up":{"minecraft:lime_bed":3,"byg:soapstone":2,"minecraft:wheat":129,"minecraft:iron_door":2,"minecraft:acacia_leaves":1,"minecraft:smoker":5,"alexsmobs:roadrunner_feather":4,"minecraft:potato":20,"minecraft:orange_banner":3,"minecraft:potion":5,"minecraft:oak_log":12,"minecraft:shield":4,"mca:book_romance":1,"minecraft:string":83,"minecraft:paper":10,"minecraft:item_frame":4,"minecraft:bone":1,"minecraft:apple":2,"minecraft:wheat_seeds":106,"minecraft:red_sandstone":18,"alexsmobs:emu_feather":9,"minecraft:raw_gold":21,"minecraft:iron_pickaxe":6,"minecraft:oak_planks":20,"minecraft:melon_slice":32,"minecraft:sugar_cane":12,"minecraft:iron_sword":5,"aquaculture:gar":1,"minecraft:furnace":6,"minecraft:book":3,"minecraft:stick":24,"minecraft:raw_iron":3,"minecraft:brown_terracotta":25,"minecraft:torch":1,"minecraft:acacia_log":6,"minecraft:poisonous_potato":1,"biomemakeover:scuttler_tail":1,"biomemakeover:cowboy_hat":3,"minecraft:dark_oak_log":8,"minecraft:red_terracotta":2,"alexsmobs:animal_dictionary":3,"minecraft:dark_oak_planks":48,"minecraft:cut_red_sandstone":1,"byg:biomepedia":3,"minecraft:light_gray_terracotta":2,"alexsmobs:kangaroo_hide":4,"minecraft:arrow":1,"minecraft:rotten_flesh":9,"minecraft:stone_shovel":4,"minecraft:hay_block":73,"minecraft:iron_helmet":4,"alexsmobs:emu_egg":14,"minecraft:bread":44,"minecraft:white_terracotta":4,"minecraft:terracotta":3,"minecraft:chiseled_red_sandstone":4,"biomesoplenty:orange_sand":1,"minecraft:coal":52,"alexsmobs:kangaroo_meat":2,"minecraft:cobblestone":35},"minecraft:mined":{"minecraft:acacia_leaves":1,"minecraft:cyan_terracotta":1,"biomesoplenty:orange_sand":1,"minecraft:smoker":1,"minecraft:dark_oak_log":8,"minecraft:torch":1,"biomesoplenty:bush":5,"minecraft:acacia_log":3,"minecraft:melon":3,"minecraft:dead_bush":21,"minecraft:cobblestone":2,"minecraft:sugar_cane":4,"minecraft:iron_door":1,"biomesoplenty:dune_grass":1,"minecraft:spawner":1,"minecraft:hay_block":31,"minecraft:white_terracotta":2,"minecraft:lime_bed":1,"byg:soapstone":2,"minecraft:furnace":2,"minecraft:red_sandstone":9,"minecraft:iron_ore":3,"minecraft:wheat":25,"minecraft:grass":10,"minecraft:oak_log":7,"minecraft:coal_ore":38,"minecraft:cobweb":36,"minecraft:terracotta":1,"minecraft:cut_red_sandstone":1,"minecraft:stone":13,"minecraft:gold_ore":8,"minecraft:oak_leaves":1},"minecraft:crafted":{"minecraft:oak_planks":24,"minecraft:crafting_table":2,"minecraft:bread":57,"minecraft:shield":2,"minecraft:dark_oak_planks":32,"minecraft:torch":12,"minecraft:wheat":171},"minecraft:used":{"alexsmobs:emu_egg":8,"minecraft:wheat_seeds":12,"minecraft:shield":17,"minecraft:white_terracotta":2,"minecraft:iron_sword":164,"minecraft:chiseled_red_sandstone":4,"biomemakeover:cowboy_hat":1,"minecraft:lime_bed":1,"minecraft:crafting_table":2,"minecraft:brown_terracotta":9,"minecraft:dark_oak_planks":4,"minecraft:apple":2,"minecraft:melon_slice":2,"minecraft:bread":25,"minecraft:iron_pickaxe":86,"biomesoplenty:orange_sand":1,"minecraft:iron_helmet":1,"minecraft:red_terracotta":1,"minecraft:cut_red_sandstone":1,"minecraft:cobblestone":21,"minecraft:hay_block":1,"minecraft:furnace":2,"alexsmobs:animal_dictionary":1},"minecraft:dropped":{"minecraft:iron_ingot":2,"minecraft:iron_sword":2,"minecraft:wheat_seeds":2,"minecraft:diamond":1,"minecraft:shield":1,"minecraft:iron_pickaxe":1,"biomemakeover:cowboy_hat":1}},"DataVersion":3120}