{"stats":{"minecraft:killed_by":{"minecraft:player":1,"minecraft:creeper":1,"alexsmobs:emu":1},"minecraft:custom":{"minecraft:mob_kills":51,"minecraft:interact_with_crafting_table":16,"minecraft:open_barrel":8,"minecraft:leave_game":7,"minecraft:time_since_death":86217,"minecraft:climb_one_cm":4665,"minecraft:sprint_one_cm":314165,"minecraft:walk_one_cm":330087,"minecraft:damage_blocked_by_shield":1150,"minecraft:drop":16,"minecraft:play_time":189674,"minecraft:deaths":6,"minecraft:sneak_time":13108,"minecraft:walk_under_water_one_cm":24217,"minecraft:jump":4536,"minecraft:walk_on_water_one_cm":43787,"minecraft:total_world_time":189674,"minecraft:interact_with_furnace":9,"minecraft:interact_with_cartography_table":2,"minecraft:sleep_in_bed":6,"minecraft:time_since_rest":47046,"minecraft:damage_taken":4113,"minecraft:damage_absorbed":72,"minecraft:trigger_trapped_chest":1,"minecraft:damage_dealt":8874,"minecraft:swim_one_cm":17501,"minecraft:fly_one_cm":890620,"minecraft:open_chest":19,"minecraft:crouch_one_cm":31596,"minecraft:interact_with_smoker":1,"minecraft:fall_one_cm":156376},"minecraft:killed":{"minecraft:cave_spider":3,"minecraft:spider":2,"aquaculture:gar":1,"alexsmobs:rattlesnake":1,"minecraft:skeleton":6,"alexsmobs:kangaroo":6,"biomemakeover:scuttler":1,"alexsmobs:emu":15,"minecraft:zombie":9,"alexsmobs:gazelle":2,"alexsmobs:roadrunner":2},"minecraft:picked_up":{"minecraft:crafting_table":1,"minecraft:wheat":129,"byg:soapstone":14,"alexsmobs:roadrunner_feather":6,"minecraft:potion":5,"minecraft:orange_banner":3,"minecraft:shield":4,"minecraft:string":86,"minecraft:raw_copper":14,"minecraft:item_frame":4,"alexsmobs:emu_feather":20,"minecraft:gold_nugget":3,"minecraft:cobbled_deepslate":13,"minecraft:iron_pickaxe":6,"minecraft:melon_slice":32,"minecraft:sugar_cane":12,"biomesoplenty:hanging_cobweb":1,"minecraft:furnace":7,"minecraft:stick":30,"minecraft:raw_iron":62,"minecraft:brown_terracotta":36,"minecraft:acacia_log":10,"minecraft:torch":38,"minecraft:carrot":1,"biomemakeover:scuttler_tail":1,"biomemakeover:cowboy_hat":3,"minecraft:dark_oak_planks":48,"travelersbackpack:iron":1,"byg:biomepedia":3,"minecraft:arrow":11,"minecraft:rotten_flesh":21,"minecraft:stone_shovel":4,"minecraft:hay_block":73,"alexsmobs:emu_egg":22,"minecraft:white_terracotta":9,"minecraft:mutton":1,"minecraft:cobblestone":94,"biomesoplenty:orange_sand":1,"alexsmobs:kangaroo_meat":9,"minecraft:bone_block":3,"minecraft:lime_bed":3,"minecraft:feather":2,"minecraft:iron_door":2,"minecraft:acacia_leaves":1,"minecraft:smoker":5,"minecraft:potato":20,"minecraft:oak_log":12,"mca:book_romance":1,"minecraft:lapis_lazuli":56,"minecraft:paper":10,"minecraft:dirt":15,"minecraft:orange_terracotta":3,"minecraft:bone":5,"minecraft:apple":2,"minecraft:red_sandstone":18,"minecraft:wheat_seeds":106,"minecraft:raw_gold":28,"minecraft:oak_planks":20,"minecraft:iron_sword":5,"minecraft:book":3,"aquaculture:gar":2,"minecraft:poisonous_potato":1,"minecraft:red_terracotta":15,"minecraft:dark_oak_log":8,"alexsmobs:animal_dictionary":4,"minecraft:cut_red_sandstone":1,"minecraft:light_gray_terracotta":7,"alexsmobs:kangaroo_hide":9,"minecraft:iron_helmet":4,"minecraft:granite":2,"minecraft:bread":44,"minecraft:chiseled_red_sandstone":4,"minecraft:terracotta":29,"minecraft:dark_oak_wood":1,"minecraft:coal":139},"minecraft:mined":{"minecraft:dark_oak_log":8,"minecraft:glow_lichen":1,"minecraft:granite":2,"biomesoplenty:bush":8,"minecraft:acacia_log":7,"biomesoplenty:dune_grass":1,"minecraft:spawner":1,"minecraft:hay_block":31,"minecraft:furnace":3,"minecraft:red_sandstone":9,"minecraft:iron_ore":42,"minecraft:fire":3,"minecraft:deepslate_lapis_ore":7,"biomesoplenty:hanging_cobweb":1,"minecraft:deepslate_iron_ore":19,"biomesoplenty:webbing":4,"biomesoplenty:spider_egg":2,"minecraft:stone":74,"minecraft:bone_block":5,"minecraft:acacia_leaves":1,"minecraft:cyan_terracotta":1,"biomesoplenty:orange_sand":1,"minecraft:smoker":1,"minecraft:orange_terracotta":3,"minecraft:crafting_table":1,"minecraft:torch":8,"minecraft:light_gray_terracotta":6,"minecraft:dark_oak_wood":1,"minecraft:melon":3,"minecraft:dead_bush":25,"minecraft:copper_ore":4,"minecraft:cobblestone":2,"minecraft:lapis_ore":2,"minecraft:sugar_cane":4,"minecraft:wall_torch":7,"minecraft:iron_door":1,"minecraft:white_terracotta":8,"minecraft:red_terracotta":13,"minecraft:lime_bed":1,"byg:soapstone":14,"minecraft:wheat":25,"minecraft:grass":10,"minecraft:oak_log":7,"minecraft:coal_ore":96,"minecraft:dirt":15,"biomesoplenty:stringy_cobweb":1,"minecraft:cobweb":36,"minecraft:brown_terracotta":11,"minecraft:terracotta":27,"minecraft:cut_red_sandstone":1,"minecraft:gold_ore":15,"minecraft:oak_leaves":1,"minecraft:deepslate":13},"minecraft:crafted":{"minecraft:oak_planks":24,"minecraft:furnace":1,"minecraft:stone_pickaxe":1,"minecraft:dark_oak_planks":32,"minecraft:wheat":171,"minecraft:crafting_table":4,"minecraft:bucket":1,"minecraft:bread":57,"minecraft:air":0,"minecraft:shield":2,"minecraft:stick":2,"minecraft:iron_ingot":3,"minecraft:stone_sword":1,"alexsmobs:emu_leggings":2,"minecraft:torch":36},"minecraft:used":{"alexsmobs:emu_egg":8,"minecraft:stone_sword":116,"minecraft:shield":30,"minecraft:white_terracotta":6,"minecraft:iron_sword":164,"minecraft:torch":31,"minecraft:chiseled_red_sandstone":4,"minecraft:dirt":15,"travelersbackpack:iron":3,"minecraft:brown_terracotta":10,"minecraft:dark_oak_planks":4,"biomesoplenty:orange_sand":1,"minecraft:iron_helmet":1,"minecraft:hay_block":1,"minecraft:furnace":3,"minecraft:cobbled_deepslate":13,"minecraft:wheat_seeds":12,"minecraft:stone_pickaxe":105,"biomemakeover:cowboy_hat":1,"minecraft:terracotta":26,"minecraft:crafting_table":4,"minecraft:lime_bed":1,"minecraft:light_gray_terracotta":2,"minecraft:apple":2,"minecraft:bread":56,"minecraft:melon_slice":4,"minecraft:iron_pickaxe":292,"minecraft:red_terracotta":14,"minecraft:cut_red_sandstone":1,"byg:soapstone":12,"minecraft:cobblestone":67,"minecraft:potion":1,"minecraft:bucket":3,"alexsmobs:animal_dictionary":1},"minecraft:broken":{"minecraft:iron_pickaxe":1},"minecraft:dropped":{"minecraft:iron_ingot":2,"minecraft:iron_sword":2,"minecraft:wheat_seeds":2,"minecraft:glass_bottle":1,"minecraft:diamond":1,"alexsmobs:roadrunner_feather":1,"aquaculture:gar":1,"minecraft:torch":24,"minecraft:dark_oak_wood":1,"minecraft:iron_pickaxe":1,"alexsmobs:emu_leggings":1,"minecraft:shield":1,"biomemakeover:cowboy_hat":1}},"DataVersion":3120}