{"stats":{"minecraft:broken":{"minecraft:iron_boots":2,"minecraft:stone_pickaxe":1,"minecraft:iron_sword":2,"minecraft:stone_sword":1,"minecraft:iron_pickaxe":1},"minecraft:mined":{"minecraft:dark_oak_planks":24,"minecraft:spruce_planks":3,"minecraft:carved_pumpkin":1,"minecraft:granite":3,"minecraft:acacia_log":11,"minecraft:stripped_crimson_hyphae":1,"travelersbackpack:iron":5,"minecraft:spawner":1,"minecraft:barrel":1,"minecraft:iron_ore":49,"minecraft:fire":3,"minecraft:deepslate_lapis_ore":8,"minecraft:dark_oak_stairs":1,"biomesoplenty:hanging_cobweb":1,"blue_skies:spider_webbing":2,"biomesoplenty:webbing":4,"minecraft:iron_bars":1,"minecraft:spruce_wood":24,"minecraft:spruce_slab":1,"minecraft:green_bed":2,"minecraft:cut_sandstone":1,"minecraft:cyan_terracotta":5,"minecraft:smoker":1,"byg:golden_spined_cactus":3,"minecraft:orange_terracotta":4,"minecraft:powder_snow":29,"minecraft:torch":9,"minecraft:light_gray_terracotta":6,"minecraft:dark_oak_wood":1,"minecraft:melon":19,"minecraft:chest":2,"minecraft:dead_bush":27,"minecraft:cobblestone":2,"minecraft:sugar_cane":9,"minecraft:oak_planks":13,"minecraft:damaged_anvil":2,"minecraft:iron_door":1,"minecraft:wall_torch":8,"minecraft:white_terracotta":8,"byg:soapstone":14,"minecraft:wheat":62,"byg:overgrown_stone":6,"minecraft:grass":18,"minecraft:oak_log":7,"minecraft:dirt":15,"minecraft:cut_red_sandstone":1,"minecraft:oak_leaves":1,"minecraft:deepslate":23,"minecraft:tuff":1,"minecraft:red_carpet":2,"biomesoplenty:desert_grass":1,"minecraft:dark_oak_log":8,"minecraft:glow_lichen":1,"biomesoplenty:bush":9,"biomemakeover:water_lily":1,"minecraft:redstone_wire":3,"travelersbackpack:white_sleeping_bag":2,"minecraft:spruce_leaves":7,"minecraft:sandstone":9,"biomesoplenty:dune_grass":4,"minecraft:large_fern":2,"minecraft:hay_block":44,"minecraft:furnace":4,"minecraft:red_sandstone":9,"minecraft:peony":1,"minecraft:bookshelf":8,"minecraft:deepslate_iron_ore":41,"biomesoplenty:spider_egg":2,"minecraft:stone":78,"minecraft:bone_block":26,"minecraft:light_gray_carpet":3,"minecraft:oak_slab":1,"minecraft:acacia_leaves":2,"minecraft:glass_pane":2,"biomesoplenty:orange_sand":5,"minecraft:stripped_dark_oak_log":1,"minecraft:crafting_table":4,"minecraft:lectern":1,"minecraft:copper_ore":4,"biomesoplenty:sprout":1,"minecraft:lapis_ore":6,"minecraft:deepslate_gold_ore":2,"minecraft:diorite":1,"minecraft:spruce_stairs":1,"minecraft:lime_bed":1,"minecraft:red_terracotta":13,"byg:blooming_aloe_vera":1,"minecraft:ice":1,"minecraft:white_carpet":13,"minecraft:spruce_log":2,"byg:windswept_sand":3,"minecraft:coal_ore":96,"quark:spruce_chest":1,"minecraft:gravel":1,"biomesoplenty:stringy_cobweb":1,"minecraft:cobweb":37,"minecraft:brown_terracotta":11,"minecraft:cracked_stone_bricks":2,"minecraft:terracotta":27,"minecraft:acacia_planks":1,"minecraft:stone_bricks":20,"minecraft:gold_ore":15},"minecraft:crafted":{"minecraft:oak_planks":24,"blue_skies:blue_journal":2,"minecraft:crafting_table":5,"minecraft:spruce_planks":86,"minecraft:wooden_pickaxe":1,"minecraft:golden_pickaxe":1,"minecraft:iron_chestplate":2,"minecraft:shield":5,"minecraft:stick":22,"minecraft:iron_ingot":63,"minecraft:iron_pickaxe":2,"minecraft:stone_sword":1,"alexsmobs:emu_leggings":2,"minecraft:furnace":1,"quark:dark_oak_chest":2,"travelersbackpack:white_sleeping_bag":2,"minecraft:iron_axe":3,"minecraft:stone_pickaxe":1,"quark:spruce_chest":2,"minecraft:dark_oak_planks":32,"minecraft:wheat":360,"minecraft:iron_sword":4,"minecraft:bucket":2,"minecraft:bread":120,"minecraft:air":0,"aether:iron_gloves":1,"minecraft:white_wool":10,"minecraft:iron_leggings":2,"minecraft:acacia_planks":16,"minecraft:torch":40},"minecraft:dropped":{"minecraft:iron_sword":9,"minecraft:dark_oak_stairs":1,"minecraft:glass_bottle":1,"minecraft:diamond":1,"minecraft:emerald":4,"minecraft:flint":1,"alexsmobs:roadrunner_feather":1,"aquaculture:gar":1,"minecraft:dark_oak_wood":1,"minecraft:snowball":8,"minecraft:iron_pickaxe":1,"alexsmobs:emu_leggings":1,"minecraft:bone":3,"minecraft:stripped_dark_oak_log":1,"minecraft:rotten_flesh":1,"aether:leather_gloves":1,"minecraft:carrot":1,"mca:scythe":1,"travelersbackpack:white_sleeping_bag":1,"byg:windswept_sand":3,"minecraft:spruce_slab":1,"minecraft:arrow":3,"minecraft:iron_ingot":76,"minecraft:bread":1,"minecraft:wheat_seeds":31,"minecraft:book":2,"minecraft:feather":3,"minecraft:granite":2,"minecraft:grass_block":1,"minecraft:stick":3,"minecraft:diorite":2,"minecraft:torch":43,"byg:soapstone":2,"minecraft:white_banner":1,"minecraft:string":5,"minecraft:tripwire_hook":1,"minecraft:raw_copper":19,"minecraft:white_carpet":4,"minecraft:iron_boots":1,"minecraft:potato":1,"minecraft:shield":5,"minecraft:iron_chestplate":1,"biomemakeover:cowboy_hat":1},"minecraft:used":{"alexsmobs:emu_egg":8,"minecraft:bone_block":4,"minecraft:shield":99,"minecraft:white_terracotta":6,"minecraft:iron_sword":568,"minecraft:iron_chestplate":5,"minecraft:chiseled_red_sandstone":4,"minecraft:carrot":3,"travelersbackpack:iron":12,"minecraft:milk_bucket":1,"minecraft:cyan_terracotta":2,"minecraft:grass_block":12,"minecraft:iron_helmet":4,"minecraft:stone_bricks":21,"minecraft:bow":8,"minecraft:hay_block":1,"minecraft:furnace":4,"minecraft:diorite":1,"minecraft:stone_pickaxe":135,"minecraft:oak_planks":10,"minecraft:wooden_pickaxe":7,"minecraft:white_wool":4,"biomemakeover:cowboy_hat":5,"minecraft:light_gray_terracotta":2,"minecraft:crossbow":9,"minecraft:bread":119,"minecraft:melon_slice":19,"minecraft:red_terracotta":14,"minecraft:cut_red_sandstone":1,"minecraft:gravel":18,"minecraft:diamond_sword":193,"minecraft:golden_pickaxe":20,"minecraft:experience_bottle":2,"minecraft:stone_sword":145,"minecraft:acacia_log":4,"minecraft:spruce_planks":71,"minecraft:torch":63,"minecraft:dirt":35,"minecraft:granite":1,"minecraft:dark_oak_planks":42,"minecraft:brown_terracotta":20,"quark:spruce_chest":3,"minecraft:iron_axe":115,"biomesoplenty:orange_sand":5,"minecraft:iron_boots":4,"minecraft:diamond_chestplate":2,"minecraft:acacia_planks":7,"minecraft:cobbled_deepslate":18,"minecraft:orange_terracotta":4,"minecraft:iron_leggings":7,"minecraft:wheat_seeds":12,"minecraft:water_bucket":2,"minecraft:baked_potato":4,"minecraft:green_bed":1,"minecraft:cracked_stone_bricks":1,"minecraft:terracotta":26,"minecraft:crafting_table":7,"minecraft:lime_bed":1,"minecraft:white_bed":1,"minecraft:dark_oak_door":2,"mca:scythe":3,"minecraft:apple":2,"minecraft:iron_pickaxe":366,"travelersbackpack:white_sleeping_bag":3,"byg:soapstone":13,"quark:dark_oak_chest":2,"minecraft:cobblestone":116,"minecraft:potion":1,"minecraft:stripped_crimson_hyphae":1,"minecraft:bucket":6,"minecraft:pumpkin_pie":3,"alexsmobs:animal_dictionary":1},"minecraft:killed":{"minecraft:cave_spider":3,"minecraft:spider":7,"aquaculture:gar":1,"minecraft:skeleton":13,"minecraft:illusioner":8,"alexsmobs:kangaroo":7,"minecraft:pig":2,"alexsmobs:grizzly_bear":1,"minecraft:creeper":3,"minecraft:pillager":43,"minecraft:zombie":22,"alexsmobs:roadrunner":2,"minecraft:evoker":3,"alexsmobs:tarantula_hawk":1,"alexsmobs:raccoon":4,"minecraft:vindicator":14,"alexsmobs:rattlesnake":1,"alexsmobs:tusklin":3,"blue_skies:shade_monitor":1,"minecraft:husk":1,"biomemakeover:ghost":5,"alexsmobs:skunk":1,"biomemakeover:scuttler":1,"minecraft:polar_bear":1,"alexsmobs:emu":15,"alexsmobs:gazelle":2,"minecraft:enderman":1},"minecraft:killed_by":{"minecraft:evoker":2,"minecraft:creeper":1,"alexsmobs:emu":1,"minecraft:pillager":3,"alexsmobs:tusklin":2,"minecraft:vindicator":9,"minecraft:zombie":1,"minecraft:illusioner":1,"minecraft:player":1},"minecraft:picked_up":{"byg:windswept_sand":6,"minecraft:iron_chestplate":11,"minecraft:wheat":181,"alexsmobs:emu_leggings":1,"minecraft:diamond_sword":6,"aether:iron_gloves":11,"biomemakeover:ectoplasm":1,"minecraft:potion":5,"minecraft:string":116,"minecraft:raw_copper":71,"minecraft:iron_leggings":10,"minecraft:experience_bottle":10,"alexsmobs:emu_feather":20,"minecraft:gold_nugget":3,"minecraft:cobbled_deepslate":28,"minecraft:bucket":1,"minecraft:spruce_planks":38,"minecraft:iron_pickaxe":10,"alexsmobs:raccoon_tail":2,"minecraft:melon_slice":259,"minecraft:iron_boots":13,"minecraft:furnace":9,"minecraft:stick":41,"minecraft:music_disc_blocks":1,"minecraft:brown_terracotta":46,"minecraft:green_bed":2,"minecraft:torch":69,"minecraft:acacia_log":18,"minecraft:spruce_stairs":2,"minecraft:porkchop":9,"minecraft:diorite":4,"biomemakeover:scuttler_tail":1,"biomemakeover:cowboy_hat":8,"travelersbackpack:iron":7,"minecraft:rotten_flesh":78,"minecraft:cyan_terracotta":7,"minecraft:carved_pumpkin":1,"alexsmobs:emu_egg":23,"minecraft:white_terracotta":10,"minecraft:snowball":5,"biomemakeover:water_lily":1,"minecraft:cobblestone":182,"minecraft:feather":6,"minecraft:iron_door":2,"minecraft:acacia_leaves":1,"minecraft:smoker":5,"minecraft:potato":21,"minecraft:flint":3,"minecraft:tuff":2,"minecraft:acacia_boat":3,"minecraft:lapis_lazuli":84,"minecraft:dirt":29,"minecraft:bone":26,"minecraft:acacia_planks":13,"minecraft:bow":2,"minecraft:wheat_seeds":201,"minecraft:raw_gold":39,"minecraft:oak_planks":41,"blue_skies:snowcap_pinhead":6,"aquaculture:gar":2,"minecraft:poisonous_potato":1,"minecraft:red_terracotta":15,"minecraft:dark_oak_log":8,"alexsmobs:animal_dictionary":5,"travelersbackpack:white_sleeping_bag":2,"minecraft:light_gray_terracotta":10,"alexsmobs:kangaroo_hide":9,"minecraft:diamond":3,"minecraft:lever":1,"waystones:waystone":2,"minecraft:crossbow":12,"minecraft:granite":5,"alexsmobs:tarantula_hawk_wing_fragment":1,"minecraft:bread":177,"minecraft:emerald":22,"minecraft:chiseled_red_sandstone":4,"minecraft:light_gray_carpet":3,"minecraft:charcoal":6,"minecraft:crafting_table":7,"byg:soapstone":21,"minecraft:golden_pickaxe":4,"blue_skies:blue_journal":4,"minecraft:wooden_pickaxe":4,"alexsmobs:roadrunner_feather":6,"minecraft:orange_banner":3,"minecraft:diamond_horse_armor":1,"minecraft:shield":15,"minecraft:iron_axe":7,"minecraft:flint_and_steel":1,"minecraft:item_frame":4,"minecraft:white_carpet":4,"minecraft:cracked_stone_bricks":4,"quark:spruce_chest":1,"minecraft:beef":4,"minecraft:spruce_slab":1,"minecraft:lectern":1,"minecraft:chest":2,"minecraft:sugar_cane":18,"biomesoplenty:hanging_cobweb":1,"byg:golden_spined_cactus":8,"minecraft:raw_iron":123,"minecraft:stripped_crimson_hyphae":1,"minecraft:sandstone":39,"minecraft:carrot":4,"minecraft:dark_oak_planks":175,"byg:biomepedia":3,"minecraft:diamond_chestplate":3,"minecraft:arrow":56,"minecraft:stone_shovel":4,"minecraft:pumpkin_pie":3,"minecraft:hay_block":97,"minecraft:totem_of_undying":10,"minecraft:gold_ingot":23,"blue_skies:moonstone_shard":1,"minecraft:mutton":2,"minecraft:bone_block":66,"alexsmobs:kangaroo_meat":11,"biomesoplenty:orange_sand":5,"minecraft:lime_bed":3,"minecraft:clock":2,"minecraft:oak_log":12,"minecraft:gunpowder":23,"byg:aloe_vera":18,"mca:book_romance":1,"minecraft:paper":11,"minecraft:white_banner":3,"minecraft:orange_terracotta":7,"quark:blank_rune":1,"minecraft:red_carpet":1,"minecraft:apple":2,"minecraft:stone_bricks":42,"minecraft:red_sandstone":18,"minecraft:spruce_wood":22,"minecraft:iron_ingot":182,"minecraft:dark_oak_stairs":2,"minecraft:iron_sword":25,"minecraft:book":27,"minecraft:oak_slab":5,"minecraft:gravel":41,"minecraft:spruce_log":3,"minecraft:spider_eye":4,"blue_skies:monitor_tail":4,"minecraft:cut_red_sandstone":1,"minecraft:pumpkin_seeds":4,"minecraft:iron_helmet":10,"minecraft:terracotta":29,"minecraft:baked_potato":5,"minecraft:damaged_anvil":2,"minecraft:stripped_dark_oak_log":1,"minecraft:dark_oak_wood":1,"minecraft:coal":189},"minecraft:custom":{"minecraft:interact_with_crafting_table":48,"minecraft:open_barrel":86,"minecraft:leave_game":13,"minecraft:time_since_death":1923,"minecraft:sprint_one_cm":719275,"minecraft:damage_blocked_by_shield":3400,"minecraft:drop":76,"minecraft:talked_to_villager":2,"minecraft:play_time":455894,"minecraft:deaths":25,"minecraft:jump":8806,"minecraft:walk_on_water_one_cm":65323,"minecraft:interact_with_furnace":21,"minecraft:traded_with_villager":2,"minecraft:interact_with_cartography_table":2,"minecraft:sleep_in_bed":12,"minecraft:waystone_activated":1,"minecraft:damage_dealt":42840,"minecraft:crouch_one_cm":58790,"minecraft:interact_with_smoker":1,"minecraft:interact_with_smithing_table":1,"minecraft:mob_kills":185,"minecraft:climb_one_cm":13707,"minecraft:walk_one_cm":965658,"minecraft:sneak_time":24382,"minecraft:walk_under_water_one_cm":40173,"minecraft:boat_one_cm":306532,"minecraft:interact_with_blast_furnace":2,"minecraft:total_world_time":455894,"minecraft:time_since_rest":1961,"minecraft:damage_taken":12780,"minecraft:damage_absorbed":132,"minecraft:trigger_trapped_chest":1,"minecraft:swim_one_cm":21085,"minecraft:fly_one_cm":1903005,"minecraft:open_chest":80,"minecraft:fall_one_cm":277935}},"DataVersion":3120}