{"stats":{"minecraft:killed":{"minecraft:pig":4,"minecraft:spider":5,"minecraft:sheep":4,"minecraft:skeleton":10,"minecraft:zombie":11,"minecraft:cow":4},"minecraft:picked_up":{"minecraft:crafting_table":8,"minecraft:cooked_beef":7,"minecraft:andesite":7,"minecraft:leather":7,"minecraft:gold_block":1,"minecraft:flint":2,"minecraft:oak_log":11,"minecraft:gunpowder":6,"minecraft:string":4,"minecraft:lapis_lazuli":56,"minecraft:dirt":36,"minecraft:cooked_mutton":2,"minecraft:bone":15,"minecraft:cobbled_deepslate":108,"minecraft:raw_gold":17,"minecraft:iron_ingot":7,"minecraft:beef":2,"minecraft:stone_pickaxe":1,"minecraft:sugar_cane":24,"minecraft:chest":1,"minecraft:furnace":4,"minecraft:raw_iron":110,"minecraft:gravel":14,"minecraft:porkchop":15,"minecraft:sand":1,"minecraft:crying_obsidian":1,"minecraft:white_bed":1,"minecraft:spruce_log":12,"minecraft:mossy_stone_brick_slab":1,"minecraft:redstone":10,"minecraft:spruce_door":10,"minecraft:diamond":13,"minecraft:stone_sword":1,"minecraft:pumpkin_seeds":12,"minecraft:arrow":2,"minecraft:rotten_flesh":12,"minecraft:spruce_boat":9,"minecraft:granite":1,"minecraft:golden_horse_armor":1,"minecraft:gold_ingot":4,"minecraft:oak_sapling":1,"minecraft:obsidian":3,"minecraft:mutton":6,"minecraft:coal":64,"minecraft:white_wool":5,"minecraft:cobblestone":92},"minecraft:mined":{"minecraft:deepslate_redstone_ore":4,"minecraft:crying_obsidian":1,"minecraft:tuff":10,"minecraft:white_bed":1,"minecraft:deepslate_diamond_ore":13,"minecraft:mossy_stone_brick_slab":1,"minecraft:spruce_door":9,"minecraft:obsidian":3,"minecraft:crafting_table":8,"minecraft:glow_lichen":2,"minecraft:granite":1,"minecraft:short_grass":2,"minecraft:grass_block":4,"minecraft:chest":1,"minecraft:cobblestone":8,"minecraft:deepslate_gold_ore":12,"minecraft:spruce_leaves":7,"minecraft:lapis_ore":8,"minecraft:sugar_cane":7,"minecraft:seagrass":1,"minecraft:redstone_ore":1,"minecraft:furnace":4,"minecraft:iron_ore":76,"minecraft:fire":9,"minecraft:spruce_log":12,"minecraft:andesite":7,"minecraft:gold_block":1,"minecraft:oak_log":11,"minecraft:coal_ore":67,"minecraft:deepslate_iron_ore":35,"minecraft:sand":1,"minecraft:gravel":7,"minecraft:dirt":3,"minecraft:stone":85,"minecraft:netherrack":1,"minecraft:gold_ore":5,"minecraft:oak_leaves":2,"minecraft:deepslate":108},"minecraft:used":{"minecraft:cooked_mutton":2,"minecraft:stone_sword":108,"minecraft:spruce_door":10,"minecraft:flint_and_steel":12,"minecraft:stone_pickaxe":131,"minecraft:shield":16,"minecraft:spruce_planks":6,"minecraft:wooden_pickaxe":15,"minecraft:torch":20,"minecraft:dirt":3,"minecraft:crafting_table":8,"minecraft:white_bed":1,"minecraft:obsidian":3,"minecraft:spruce_boat":10,"minecraft:diamond_pickaxe":6,"minecraft:iron_pickaxe":303,"minecraft:gravel":14,"minecraft:stone_axe":50,"minecraft:cobblestone":76,"minecraft:furnace":4,"minecraft:cooked_porkchop":3,"minecraft:cobbled_deepslate":3,"minecraft:cooked_beef":9},"minecraft:custom":{"minecraft:interact_with_furnace":23,"minecraft:mob_kills":40,"minecraft:interact_with_crafting_table":18,"minecraft:leave_game":2,"minecraft:time_since_death":79633,"minecraft:time_since_rest":79633,"minecraft:sprint_one_cm":97900,"minecraft:damage_taken":1206,"minecraft:walk_one_cm":193247,"minecraft:damage_blocked_by_shield":489,"minecraft:drop":19,"minecraft:damage_dealt":6306,"minecraft:swim_one_cm":70517,"minecraft:fly_one_cm":195378,"minecraft:open_chest":3,"minecraft:crouch_one_cm":7292,"minecraft:play_time":79633,"minecraft:sneak_time":3801,"minecraft:walk_under_water_one_cm":18746,"minecraft:boat_one_cm":159777,"minecraft:jump":1585,"minecraft:walk_on_water_one_cm":24805,"minecraft:total_world_time":79633,"minecraft:fall_one_cm":40750},"minecraft:crafted":{"minecraft:cooked_beef":2,"minecraft:cooked_porkchop":3,"minecraft:crafting_table":1,"minecraft:spruce_planks":48,"minecraft:wooden_pickaxe":1,"minecraft:iron_helmet":1,"minecraft:spruce_door":3,"minecraft:furnace":1,"minecraft:stone_axe":1,"minecraft:cooked_mutton":2,"minecraft:air":0,"minecraft:flint_and_steel":1,"minecraft:diamond_pickaxe":1,"minecraft:iron_chestplate":1,"minecraft:iron_boots":1,"minecraft:shield":1,"minecraft:stick":20,"minecraft:iron_ingot":82,"minecraft:iron_pickaxe":2,"minecraft:stone_pickaxe":1,"minecraft:stone_sword":1,"minecraft:iron_leggings":1,"minecraft:white_bed":1,"minecraft:spruce_boat":1,"minecraft:torch":20},"minecraft:dropped":{"minecraft:iron_ingot":29,"minecraft:granite":1,"minecraft:spruce_door":3,"minecraft:pumpkin_seeds":12,"minecraft:flint":1,"minecraft:mutton":2,"minecraft:andesite":7,"minecraft:oak_sapling":1,"minecraft:arrow":2,"minecraft:wooden_pickaxe":1,"minecraft:sand":1,"minecraft:stone_pickaxe":1,"minecraft:crying_obsidian":1,"minecraft:string":4,"minecraft:white_wool":2},"minecraft:broken":{"minecraft:stone_pickaxe":1,"minecraft:iron_pickaxe":1}},"DataVersion":3955}