{"stats":{"minecraft:killed_by":{"minecraft:creeper":1,"alexsmobs:emu":1},"minecraft:custom":{"minecraft:interact_with_furnace":1,"minecraft:mob_kills":17,"minecraft:interact_with_crafting_table":3,"minecraft:interact_with_cartography_table":2,"minecraft:open_barrel":8,"minecraft:leave_game":4,"minecraft:time_since_death":41384,"minecraft:sleep_in_bed":3,"minecraft:climb_one_cm":1184,"minecraft:time_since_rest":41447,"minecraft:damage_taken":1463,"minecraft:sprint_one_cm":159259,"minecraft:walk_one_cm":154921,"minecraft:damage_blocked_by_shield":600,"minecraft:trigger_trapped_chest":1,"minecraft:drop":7,"minecraft:damage_dealt":2891,"minecraft:swim_one_cm":2857,"minecraft:fly_one_cm":462073,"minecraft:open_chest":13,"minecraft:play_time":86200,"minecraft:crouch_one_cm":8884,"minecraft:deaths":3,"minecraft:sneak_time":3414,"minecraft:walk_under_water_one_cm":9934,"minecraft:jump":2171,"minecraft:walk_on_water_one_cm":20711,"minecraft:total_world_time":86200,"minecraft:fall_one_cm":74480},"minecraft:killed":{"biomemakeover:scuttler":1,"minecraft:spider":2,"alexsmobs:emu":7,"minecraft:skeleton":2,"minecraft:zombie":2,"alexsmobs:roadrunner":2},"minecraft:picked_up":{"minecraft:lime_bed":3,"byg:soapstone":2,"minecraft:wheat":113,"minecraft:iron_door":2,"minecraft:smoker":4,"alexsmobs:roadrunner_feather":3,"minecraft:potato":15,"minecraft:orange_banner":3,"minecraft:potion":5,"minecraft:oak_log":12,"minecraft:shield":3,"mca:book_romance":1,"minecraft:string":1,"minecraft:paper":10,"minecraft:item_frame":4,"minecraft:bone":1,"minecraft:apple":2,"minecraft:wheat_seeds":32,"minecraft:red_sandstone":18,"alexsmobs:emu_feather":9,"minecraft:raw_gold":21,"minecraft:iron_pickaxe":5,"minecraft:sugar_cane":12,"minecraft:iron_sword":4,"minecraft:furnace":6,"minecraft:book":3,"minecraft:stick":24,"minecraft:raw_iron":3,"minecraft:brown_terracotta":25,"minecraft:acacia_log":6,"minecraft:poisonous_potato":1,"biomemakeover:scuttler_tail":1,"biomemakeover:cowboy_hat":2,"minecraft:dark_oak_log":8,"minecraft:red_terracotta":2,"alexsmobs:animal_dictionary":3,"minecraft:dark_oak_planks":48,"minecraft:cut_red_sandstone":1,"byg:biomepedia":3,"minecraft:light_gray_terracotta":2,"minecraft:arrow":1,"minecraft:rotten_flesh":8,"minecraft:stone_shovel":4,"minecraft:hay_block":52,"minecraft:iron_helmet":4,"alexsmobs:emu_egg":14,"minecraft:bread":15,"minecraft:white_terracotta":4,"minecraft:terracotta":3,"minecraft:chiseled_red_sandstone":4,"minecraft:coal":52,"minecraft:cobblestone":35},"minecraft:mined":{"minecraft:acacia_leaves":1,"minecraft:cyan_terracotta":1,"minecraft:smoker":1,"minecraft:dark_oak_log":8,"biomesoplenty:bush":5,"minecraft:acacia_log":3,"minecraft:dead_bush":21,"minecraft:cobblestone":2,"minecraft:sugar_cane":4,"minecraft:iron_door":1,"biomesoplenty:dune_grass":1,"minecraft:hay_block":25,"minecraft:white_terracotta":2,"minecraft:lime_bed":1,"byg:soapstone":2,"minecraft:furnace":2,"minecraft:red_sandstone":9,"minecraft:iron_ore":3,"minecraft:wheat":4,"minecraft:grass":7,"minecraft:oak_log":7,"minecraft:coal_ore":38,"minecraft:terracotta":1,"minecraft:cut_red_sandstone":1,"minecraft:stone":13,"minecraft:gold_ore":8,"minecraft:oak_leaves":1},"minecraft:crafted":{"minecraft:crafting_table":1,"minecraft:bread":21,"minecraft:shield":2,"minecraft:dark_oak_planks":32,"minecraft:torch":12,"minecraft:wheat":171},"minecraft:used":{"alexsmobs:emu_egg":8,"minecraft:shield":9,"minecraft:white_terracotta":2,"minecraft:iron_sword":92,"minecraft:chiseled_red_sandstone":4,"minecraft:lime_bed":1,"minecraft:crafting_table":1,"minecraft:brown_terracotta":9,"minecraft:dark_oak_planks":4,"minecraft:apple":2,"minecraft:bread":20,"minecraft:iron_pickaxe":84,"minecraft:iron_helmet":1,"minecraft:red_terracotta":1,"minecraft:cut_red_sandstone":1,"minecraft:cobblestone":21,"minecraft:hay_block":1,"minecraft:furnace":2,"alexsmobs:animal_dictionary":1},"minecraft:dropped":{"minecraft:iron_ingot":2,"minecraft:iron_sword":1,"minecraft:diamond":1,"minecraft:shield":1,"minecraft:iron_pickaxe":1,"biomemakeover:cowboy_hat":1}},"DataVersion":3120}