{"stats":{"minecraft:killed":{"biomemakeover:scuttler":1,"minecraft:spider":2,"alexsmobs:emu":2,"minecraft:skeleton":1,"minecraft:zombie":2,"alexsmobs:roadrunner":2},"minecraft:custom":{"minecraft:interact_with_furnace":1,"minecraft:mob_kills":11,"minecraft:interact_with_crafting_table":3,"minecraft:interact_with_cartography_table":2,"minecraft:open_barrel":8,"minecraft:leave_game":1,"minecraft:time_since_death":14325,"minecraft:sleep_in_bed":3,"minecraft:climb_one_cm":1184,"minecraft:time_since_rest":14388,"minecraft:damage_taken":1158,"minecraft:sprint_one_cm":117973,"minecraft:walk_one_cm":123273,"minecraft:damage_blocked_by_shield":570,"minecraft:trigger_trapped_chest":1,"minecraft:drop":7,"minecraft:damage_dealt":1722,"minecraft:swim_one_cm":2857,"minecraft:fly_one_cm":342399,"minecraft:open_chest":13,"minecraft:play_time":59141,"minecraft:crouch_one_cm":7219,"minecraft:deaths":3,"minecraft:sneak_time":2847,"minecraft:walk_under_water_one_cm":9934,"minecraft:jump":1683,"minecraft:walk_on_water_one_cm":18869,"minecraft:total_world_time":59141,"minecraft:fall_one_cm":57412},"minecraft:mined":{"minecraft:acacia_leaves":1,"minecraft:cyan_terracotta":1,"minecraft:smoker":1,"minecraft:dark_oak_log":8,"biomesoplenty:bush":3,"minecraft:acacia_log":3,"minecraft:dead_bush":16,"minecraft:sugar_cane":4,"minecraft:iron_door":1,"biomesoplenty:dune_grass":1,"minecraft:hay_block":25,"minecraft:white_terracotta":2,"minecraft:lime_bed":1,"byg:soapstone":2,"minecraft:furnace":2,"minecraft:red_sandstone":9,"minecraft:wheat":4,"minecraft:grass":1,"minecraft:oak_log":7,"minecraft:coal_ore":28,"minecraft:terracotta":1,"minecraft:cut_red_sandstone":1,"minecraft:stone":9,"minecraft:gold_ore":8,"minecraft:oak_leaves":1},"minecraft:picked_up":{"minecraft:lime_bed":3,"minecraft:wheat":112,"byg:soapstone":2,"minecraft:iron_door":2,"minecraft:smoker":4,"minecraft:potato":15,"alexsmobs:roadrunner_feather":3,"minecraft:potion":5,"minecraft:orange_banner":3,"minecraft:oak_log":12,"minecraft:shield":3,"mca:book_romance":1,"minecraft:string":1,"minecraft:paper":10,"minecraft:item_frame":4,"minecraft:apple":2,"alexsmobs:emu_feather":3,"minecraft:red_sandstone":18,"minecraft:wheat_seeds":29,"minecraft:raw_gold":21,"minecraft:iron_pickaxe":5,"minecraft:sugar_cane":12,"minecraft:iron_sword":4,"minecraft:furnace":6,"minecraft:book":3,"minecraft:stick":18,"minecraft:brown_terracotta":25,"minecraft:acacia_log":6,"minecraft:poisonous_potato":1,"biomemakeover:scuttler_tail":1,"biomemakeover:cowboy_hat":2,"minecraft:dark_oak_log":8,"minecraft:red_terracotta":2,"alexsmobs:animal_dictionary":3,"minecraft:dark_oak_planks":48,"minecraft:cut_red_sandstone":1,"byg:biomepedia":3,"minecraft:light_gray_terracotta":2,"minecraft:rotten_flesh":8,"minecraft:stone_shovel":4,"minecraft:iron_helmet":4,"minecraft:hay_block":52,"alexsmobs:emu_egg":11,"minecraft:bread":15,"minecraft:white_terracotta":4,"minecraft:terracotta":3,"minecraft:chiseled_red_sandstone":4,"minecraft:coal":42,"minecraft:cobblestone":29},"minecraft:crafted":{"minecraft:crafting_table":1,"minecraft:bread":21,"minecraft:shield":2,"minecraft:dark_oak_planks":32,"minecraft:torch":12,"minecraft:wheat":171},"minecraft:dropped":{"minecraft:iron_ingot":2,"minecraft:iron_sword":1,"minecraft:diamond":1,"minecraft:shield":1,"minecraft:iron_pickaxe":1,"biomemakeover:cowboy_hat":1},"minecraft:killed_by":{"minecraft:creeper":1,"alexsmobs:emu":1},"minecraft:used":{"alexsmobs:emu_egg":8,"minecraft:shield":8,"minecraft:white_terracotta":2,"minecraft:iron_sword":64,"minecraft:chiseled_red_sandstone":4,"minecraft:lime_bed":1,"minecraft:crafting_table":1,"minecraft:brown_terracotta":9,"minecraft:dark_oak_planks":4,"minecraft:apple":2,"minecraft:bread":12,"minecraft:iron_pickaxe":65,"minecraft:iron_helmet":1,"minecraft:red_terracotta":1,"minecraft:cut_red_sandstone":1,"minecraft:cobblestone":17,"minecraft:hay_block":1,"minecraft:furnace":2,"alexsmobs:animal_dictionary":1}},"DataVersion":3120}