{"stats":{"minecraft:picked_up":{"minecraft:crafting_table":12,"minecraft:wheat":8,"minecraft:chest_minecart":1,"minecraft:oak_stairs":1,"minecraft:gold_block":1,"minecraft:brewing_stand":3,"minecraft:oak_trapdoor":6,"minecraft:string":45,"minecraft:flint_and_steel":1,"minecraft:beetroot":4,"minecraft:smooth_stone":8,"minecraft:cobbled_deepslate":278,"minecraft:beef":15,"minecraft:oak_boat":11,"minecraft:sugar_cane":199,"minecraft:chest":5,"minecraft:furnace":7,"minecraft:stick":28,"minecraft:raw_iron":110,"minecraft:oak_door":12,"minecraft:composter":1,"minecraft:oak_fence":4,"minecraft:torch":10,"minecraft:porkchop":15,"minecraft:carrot":98,"minecraft:redstone":10,"minecraft:stone_sword":2,"minecraft:arrow":11,"minecraft:rotten_flesh":29,"minecraft:beetroot_seeds":8,"minecraft:gold_ingot":4,"minecraft:white_terracotta":31,"minecraft:mutton":10,"minecraft:obsidian":18,"minecraft:rail":102,"minecraft:white_wool":7,"minecraft:cobblestone":185,"minecraft:oxeye_daisy":2,"minecraft:stripped_oak_log":33,"minecraft:birch_log":6,"minecraft:cooked_beef":23,"minecraft:basalt":26,"minecraft:magma_cream":2,"minecraft:andesite":7,"minecraft:golden_boots":1,"minecraft:leather":49,"minecraft:potato":6,"minecraft:birch_planks":19,"minecraft:flint":14,"minecraft:tuff":18,"minecraft:oak_log":387,"minecraft:yellow_bed":6,"minecraft:gunpowder":19,"minecraft:cobblestone_stairs":8,"minecraft:lapis_lazuli":101,"minecraft:dirt":231,"minecraft:twisting_vines":6,"minecraft:cooked_mutton":2,"minecraft:bone":52,"minecraft:stonecutter":2,"minecraft:wheat_seeds":34,"minecraft:raw_gold":17,"minecraft:bell":3,"minecraft:iron_ingot":12,"minecraft:stone_pickaxe":1,"minecraft:fletching_table":7,"minecraft:powered_rail":2,"minecraft:iron_sword":2,"minecraft:oak_planks":43,"minecraft:oak_slab":25,"minecraft:gravel":51,"minecraft:sand":133,"minecraft:white_bed":19,"minecraft:spruce_log":12,"minecraft:spruce_door":10,"minecraft:crying_obsidian":2,"minecraft:mossy_stone_brick_slab":1,"minecraft:spider_eye":3,"minecraft:mossy_cobblestone":4,"minecraft:pumpkin_seeds":12,"minecraft:diamond":62,"minecraft:spruce_boat":16,"minecraft:golden_apple":2,"minecraft:granite":13,"minecraft:emerald":6,"minecraft:bone_meal":2,"minecraft:golden_horse_armor":1,"minecraft:warped_roots":4,"minecraft:oak_sapling":29,"minecraft:netherrack":1,"minecraft:warped_nylium":1,"minecraft:bricks":1,"minecraft:coal":108,"minecraft:crimson_roots":1,"minecraft:ender_pearl":3},"minecraft:used":{"minecraft:oak_trapdoor":17,"minecraft:enchanting_table":1,"minecraft:stone_sword":127,"minecraft:iron_shovel":221,"minecraft:flint_and_steel":14,"minecraft:chest":14,"minecraft:spruce_planks":7,"minecraft:shield":37,"minecraft:iron_sword":406,"minecraft:bell":2,"minecraft:netherrack":1,"minecraft:oak_door":2,"minecraft:torch":46,"minecraft:dirt":203,"minecraft:anvil":1,"minecraft:nether_bricks":1,"minecraft:carrot":95,"minecraft:tuff":14,"minecraft:obsidian":14,"minecraft:glass":74,"minecraft:spruce_boat":16,"minecraft:iron_hoe":14,"minecraft:bookshelf":16,"minecraft:oak_stairs":1,"minecraft:iron_axe":598,"minecraft:basalt":15,"minecraft:oak_sapling":28,"minecraft:furnace":10,"minecraft:cooked_beef":44,"minecraft:cobbled_deepslate":69,"minecraft:cooked_mutton":4,"minecraft:water_bucket":8,"minecraft:spruce_door":10,"minecraft:birch_planks":23,"minecraft:stone_pickaxe":131,"minecraft:oak_planks":280,"minecraft:wooden_pickaxe":15,"minecraft:composter":2,"minecraft:sugar_cane":34,"minecraft:fletching_table":10,"minecraft:sand":39,"minecraft:blast_furnace":1,"minecraft:oak_slab":46,"minecraft:crafting_table":15,"minecraft:white_bed":18,"minecraft:wooden_hoe":59,"minecraft:diamond_pickaxe":651,"minecraft:iron_pickaxe":322,"minecraft:deepslate":65,"minecraft:gravel":38,"minecraft:stone_axe":88,"minecraft:cobblestone":138,"minecraft:grindstone":1,"minecraft:cooked_porkchop":8,"minecraft:bucket":9,"minecraft:yellow_bed":6,"minecraft:oak_boat":10,"minecraft:stripped_oak_log":4,"minecraft:bone_meal":84,"minecraft:experience_bottle":136},"minecraft:dropped":{"minecraft:golden_boots":1,"minecraft:iron_ingot":29,"minecraft:iron_sword":3,"minecraft:oak_slab":1,"minecraft:mossy_cobblestone":1,"minecraft:crafting_table":2,"minecraft:granite":1,"minecraft:spruce_door":3,"minecraft:flint":2,"minecraft:oxeye_daisy":1,"minecraft:dirt":2,"minecraft:mutton":2,"minecraft:sand":3,"minecraft:string":5,"minecraft:white_wool":4,"minecraft:gravel":3,"minecraft:oak_trapdoor":2,"minecraft:stone_sword":1,"minecraft:cobbled_deepslate":2,"minecraft:tuff":4,"minecraft:beetroot":4,"minecraft:rotten_flesh":5,"minecraft:oak_planks":1,"minecraft:pumpkin_seeds":12,"minecraft:diamond_pickaxe":1,"minecraft:beetroot_seeds":3,"minecraft:andesite":7,"minecraft:oak_sapling":1,"minecraft:spider_eye":1,"minecraft:wooden_pickaxe":1,"minecraft:basalt":8,"minecraft:arrow":2,"minecraft:stone_pickaxe":1,"minecraft:crying_obsidian":1},"minecraft:mined":{"minecraft:crying_obsidian":1,"minecraft:tuff":17,"minecraft:white_bed":19,"minecraft:farmland":1,"minecraft:mossy_cobblestone":4,"minecraft:mossy_stone_brick_slab":1,"minecraft:deepslate_diamond_ore":62,"minecraft:oak_door":12,"minecraft:cobblestone_stairs":8,"minecraft:brewing_stand":3,"minecraft:obsidian":18,"minecraft:glow_lichen":2,"minecraft:granite":1,"minecraft:grass_block":135,"minecraft:spruce_leaves":7,"minecraft:composter":1,"minecraft:oxeye_daisy":1,"minecraft:hay_block":1,"minecraft:smooth_stone":8,"minecraft:redstone_ore":1,"minecraft:oak_trapdoor":4,"minecraft:carrots":32,"minecraft:furnace":7,"minecraft:cobbled_deepslate":11,"minecraft:nether_sprouts":1,"minecraft:iron_ore":76,"minecraft:fire":19,"minecraft:andesite":7,"minecraft:deepslate_lapis_ore":11,"minecraft:fletching_table":7,"minecraft:gold_block":1,"minecraft:bell":3,"minecraft:potatoes":2,"minecraft:dirt_path":7,"minecraft:deepslate_iron_ore":35,"minecraft:rail":94,"minecraft:oak_stairs":1,"minecraft:stripped_oak_log":33,"minecraft:stone":85,"minecraft:deepslate_redstone_ore":4,"minecraft:oak_slab":22,"minecraft:glass_pane":2,"minecraft:blackstone":1,"minecraft:twisting_vines_plant":4,"minecraft:basalt":28,"minecraft:spruce_door":9,"minecraft:dandelion":1,"minecraft:oak_fence":2,"minecraft:crafting_table":12,"minecraft:short_grass":107,"minecraft:blast_furnace":1,"minecraft:warped_roots":4,"minecraft:chest":5,"minecraft:sculk_sensor":4,"minecraft:cobblestone":81,"minecraft:glass":1,"minecraft:tall_grass":11,"minecraft:deepslate_gold_ore":13,"minecraft:lapis_ore":8,"minecraft:oak_planks":43,"minecraft:sugar_cane":98,"minecraft:sculk":4,"minecraft:bricks":1,"minecraft:wall_torch":3,"minecraft:seagrass":1,"minecraft:white_terracotta":34,"minecraft:birch_planks":19,"minecraft:birch_log":6,"minecraft:wheat":12,"minecraft:spruce_log":12,"minecraft:birch_leaves":2,"minecraft:yellow_bed":6,"minecraft:coal_ore":67,"minecraft:oak_log":396,"minecraft:beetroots":2,"minecraft:gravel":64,"minecraft:sand":134,"minecraft:dirt":46,"minecraft:cobweb":21,"minecraft:stonecutter":2,"minecraft:netherrack":1,"minecraft:gold_ore":5,"minecraft:oak_leaves":57,"minecraft:deepslate":394},"minecraft:crafted":{"minecraft:grindstone":1,"minecraft:oak_planks":1644,"minecraft:furnace":4,"minecraft:blast_furnace":1,"minecraft:stone":7,"minecraft:bone_meal":82,"minecraft:bookshelf":16,"minecraft:cooked_mutton":6,"minecraft:oak_trapdoor":14,"minecraft:flint_and_steel":2,"minecraft:glass":75,"minecraft:iron_boots":1,"minecraft:iron_axe":10,"minecraft:iron_hoe":1,"minecraft:stone_pickaxe":1,"minecraft:chest":9,"minecraft:spruce_boat":1,"minecraft:cooked_beef":2,"minecraft:deepslate":39,"minecraft:oak_slab":36,"minecraft:enchanting_table":1,"minecraft:emerald":63,"minecraft:cooked_porkchop":9,"minecraft:crafting_table":5,"minecraft:spruce_planks":48,"minecraft:wooden_pickaxe":1,"minecraft:iron_helmet":1,"minecraft:iron_sword":4,"minecraft:spruce_door":3,"minecraft:fletching_table":3,"minecraft:birch_planks":24,"minecraft:bucket":1,"minecraft:stone_axe":1,"minecraft:air":0,"minecraft:oak_boat":1,"minecraft:book":50,"minecraft:paper":165,"minecraft:wooden_hoe":1,"minecraft:iron_chestplate":1,"minecraft:diamond_pickaxe":1,"minecraft:shield":1,"minecraft:stick":2060,"minecraft:stone_slab":6,"minecraft:iron_ingot":125,"minecraft:iron_pickaxe":2,"minecraft:iron_block":3,"minecraft:stone_sword":1,"minecraft:iron_shovel":1,"minecraft:iron_leggings":1,"minecraft:anvil":1,"minecraft:white_bed":1,"minecraft:composter":1,"minecraft:torch":36},"minecraft:killed":{"minecraft:cave_spider":2,"minecraft:spider":11,"minecraft:horse":10,"minecraft:skeleton":25,"minecraft:chicken":1,"minecraft:turtle":1,"minecraft:magma_cube":12,"minecraft:pig":4,"minecraft:creeper":11,"minecraft:sheep":7,"minecraft:trader_llama":1,"minecraft:zombie":31,"minecraft:wither_skeleton":2,"minecraft:blaze":4,"minecraft:enderman":4,"minecraft:cow":19},"minecraft:custom":{"minecraft:interact_with_anvil":1,"minecraft:mob_kills":153,"minecraft:interact_with_crafting_table":62,"minecraft:bell_ring":63,"minecraft:leave_game":9,"minecraft:time_since_death":252528,"minecraft:sprint_one_cm":571056,"minecraft:walk_one_cm":969892,"minecraft:damage_blocked_by_shield":1369,"minecraft:drop":56,"minecraft:talked_to_villager":60,"minecraft:play_time":347653,"minecraft:deaths":1,"minecraft:sneak_time":21723,"minecraft:walk_under_water_one_cm":24296,"minecraft:boat_one_cm":447579,"minecraft:jump":6665,"minecraft:walk_on_water_one_cm":51605,"minecraft:total_world_time":347653,"minecraft:interact_with_furnace":68,"minecraft:traded_with_villager":74,"minecraft:sleep_in_bed":10,"minecraft:time_since_rest":87926,"minecraft:damage_taken":3690,"minecraft:damage_dealt":26040,"minecraft:swim_one_cm":70833,"minecraft:fly_one_cm":1417735,"minecraft:open_chest":91,"minecraft:crouch_one_cm":56127,"minecraft:fall_one_cm":134396},"minecraft:broken":{"minecraft:stone_pickaxe":1,"minecraft:iron_axe":1,"minecraft:iron_pickaxe":1,"minecraft:wooden_hoe":1}},"DataVersion":3955}