{"stats":{"minecraft:killed":{"minecraft:sheep":3,"minecraft:zombie":2,"minecraft:pig":4,"minecraft:cow":1},"minecraft:picked_up":{"minecraft:crafting_table":2,"minecraft:leather":2,"minecraft:porkchop":9,"minecraft:sand":1,"minecraft:spruce_log":12,"minecraft:dirt":4,"minecraft:rotten_flesh":2,"minecraft:spruce_boat":6,"minecraft:beef":2,"minecraft:sugar_cane":14,"minecraft:mutton":4,"minecraft:white_wool":3,"minecraft:cobblestone":38,"minecraft:furnace":1},"minecraft:mined":{"minecraft:furnace":1,"minecraft:spruce_log":12,"minecraft:glow_lichen":1,"minecraft:crafting_table":2,"minecraft:grass_block":3,"minecraft:sand":1,"minecraft:dirt":1,"minecraft:spruce_leaves":7,"minecraft:stone":38,"minecraft:sugar_cane":3},"minecraft:used":{"minecraft:spruce_boat":7,"minecraft:stone_pickaxe":27,"minecraft:spruce_planks":6,"minecraft:wooden_pickaxe":14,"minecraft:stone_axe":21,"minecraft:dirt":3,"minecraft:crafting_table":2,"minecraft:furnace":1,"minecraft:cooked_beef":2},"minecraft:custom":{"minecraft:time_since_rest":18272,"minecraft:interact_with_furnace":4,"minecraft:sprint_one_cm":27883,"minecraft:damage_taken":160,"minecraft:walk_one_cm":37319,"minecraft:mob_kills":10,"minecraft:damage_dealt":1141,"minecraft:swim_one_cm":2110,"minecraft:interact_with_crafting_table":3,"minecraft:fly_one_cm":90016,"minecraft:crouch_one_cm":140,"minecraft:play_time":18272,"minecraft:sneak_time":32,"minecraft:walk_under_water_one_cm":1322,"minecraft:boat_one_cm":88765,"minecraft:jump":403,"minecraft:leave_game":1,"minecraft:time_since_death":18272,"minecraft:walk_on_water_one_cm":6312,"minecraft:total_world_time":18272,"minecraft:fall_one_cm":13043},"minecraft:crafted":{"minecraft:cooked_beef":2,"minecraft:crafting_table":1,"minecraft:spruce_planks":48,"minecraft:stick":12,"minecraft:wooden_pickaxe":1,"minecraft:stone_pickaxe":1,"minecraft:furnace":1,"minecraft:spruce_boat":1,"minecraft:stone_axe":1,"minecraft:cooked_mutton":2,"minecraft:air":0}},"DataVersion":3955}