{"stats":{"minecraft:killed_by":{"minecraft:player":1,"minecraft:creeper":1,"alexsmobs:emu":1},"minecraft:custom":{"minecraft:interact_with_furnace":3,"minecraft:mob_kills":21,"minecraft:interact_with_crafting_table":7,"minecraft:interact_with_cartography_table":2,"minecraft:open_barrel":8,"minecraft:leave_game":5,"minecraft:time_since_death":13829,"minecraft:sleep_in_bed":4,"minecraft:climb_one_cm":4665,"minecraft:time_since_rest":12541,"minecraft:damage_taken":2692,"minecraft:sprint_one_cm":227750,"minecraft:walk_one_cm":224121,"minecraft:damage_blocked_by_shield":680,"minecraft:trigger_trapped_chest":1,"minecraft:drop":11,"minecraft:damage_dealt":3536,"minecraft:swim_one_cm":17501,"minecraft:fly_one_cm":645530,"minecraft:open_chest":18,"minecraft:play_time":117286,"minecraft:crouch_one_cm":16200,"minecraft:deaths":6,"minecraft:sneak_time":6125,"minecraft:walk_under_water_one_cm":13002,"minecraft:jump":3163,"minecraft:walk_on_water_one_cm":34652,"minecraft:total_world_time":117286,"minecraft:fall_one_cm":116372},"minecraft:killed":{"minecraft:cave_spider":1,"biomemakeover:scuttler":1,"minecraft:spider":2,"aquaculture:gar":1,"alexsmobs:emu":7,"minecraft:skeleton":3,"minecraft:zombie":2,"alexsmobs:roadrunner":2,"alexsmobs:kangaroo":1},"minecraft:picked_up":{"minecraft:lime_bed":3,"byg:soapstone":2,"minecraft:wheat":129,"minecraft:iron_door":2,"minecraft:acacia_leaves":1,"minecraft:smoker":5,"alexsmobs:roadrunner_feather":4,"minecraft:potato":20,"minecraft:orange_banner":3,"minecraft:potion":5,"minecraft:oak_log":12,"minecraft:shield":4,"mca:book_romance":1,"minecraft:string":83,"minecraft:paper":10,"minecraft:item_frame":4,"minecraft:bone":1,"minecraft:gold_nugget":3,"minecraft:apple":2,"minecraft:wheat_seeds":106,"minecraft:red_sandstone":18,"alexsmobs:emu_feather":9,"minecraft:raw_gold":22,"minecraft:iron_pickaxe":6,"minecraft:oak_planks":20,"minecraft:melon_slice":32,"minecraft:sugar_cane":12,"minecraft:iron_sword":5,"aquaculture:gar":2,"minecraft:furnace":6,"minecraft:book":3,"minecraft:stick":26,"minecraft:raw_iron":4,"minecraft:brown_terracotta":25,"minecraft:torch":25,"minecraft:acacia_log":10,"minecraft:poisonous_potato":1,"biomemakeover:scuttler_tail":1,"biomemakeover:cowboy_hat":3,"minecraft:dark_oak_log":8,"minecraft:red_terracotta":2,"alexsmobs:animal_dictionary":4,"minecraft:dark_oak_planks":48,"minecraft:cut_red_sandstone":1,"byg:biomepedia":3,"minecraft:light_gray_terracotta":2,"alexsmobs:kangaroo_hide":4,"minecraft:arrow":3,"minecraft:rotten_flesh":9,"minecraft:stone_shovel":4,"minecraft:hay_block":73,"minecraft:iron_helmet":4,"alexsmobs:emu_egg":18,"minecraft:bread":44,"minecraft:white_terracotta":4,"minecraft:terracotta":4,"minecraft:chiseled_red_sandstone":4,"minecraft:bone_block":3,"biomesoplenty:orange_sand":1,"minecraft:coal":91,"alexsmobs:kangaroo_meat":2,"minecraft:cobblestone":48},"minecraft:mined":{"minecraft:acacia_leaves":1,"minecraft:cyan_terracotta":1,"biomesoplenty:orange_sand":1,"minecraft:smoker":1,"minecraft:dark_oak_log":8,"minecraft:glow_lichen":1,"minecraft:torch":1,"biomesoplenty:bush":5,"minecraft:acacia_log":7,"minecraft:melon":3,"minecraft:dead_bush":23,"minecraft:cobblestone":2,"minecraft:sugar_cane":4,"minecraft:iron_door":1,"biomesoplenty:dune_grass":1,"minecraft:spawner":1,"minecraft:hay_block":31,"minecraft:white_terracotta":2,"minecraft:lime_bed":1,"byg:soapstone":2,"minecraft:furnace":2,"minecraft:red_sandstone":9,"minecraft:iron_ore":4,"minecraft:wheat":25,"minecraft:grass":10,"minecraft:oak_log":7,"minecraft:coal_ore":77,"minecraft:cobweb":36,"minecraft:bone_block":5,"minecraft:terracotta":2,"minecraft:cut_red_sandstone":1,"minecraft:stone":28,"minecraft:gold_ore":9,"minecraft:oak_leaves":1},"minecraft:crafted":{"minecraft:oak_planks":24,"minecraft:crafting_table":2,"minecraft:bread":57,"minecraft:shield":2,"minecraft:stick":2,"minecraft:dark_oak_planks":32,"minecraft:torch":36,"minecraft:wheat":171},"minecraft:used":{"alexsmobs:emu_egg":8,"minecraft:wheat_seeds":12,"minecraft:shield":18,"minecraft:white_terracotta":2,"minecraft:iron_sword":164,"minecraft:chiseled_red_sandstone":4,"biomemakeover:cowboy_hat":1,"minecraft:lime_bed":1,"minecraft:crafting_table":2,"minecraft:brown_terracotta":9,"minecraft:dark_oak_planks":4,"minecraft:apple":2,"minecraft:melon_slice":2,"minecraft:bread":30,"minecraft:iron_pickaxe":155,"biomesoplenty:orange_sand":1,"minecraft:iron_helmet":1,"minecraft:red_terracotta":1,"minecraft:cut_red_sandstone":1,"minecraft:cobblestone":33,"minecraft:hay_block":1,"minecraft:furnace":2,"alexsmobs:animal_dictionary":1},"minecraft:dropped":{"minecraft:iron_ingot":2,"minecraft:iron_sword":2,"minecraft:wheat_seeds":2,"minecraft:diamond":1,"minecraft:shield":1,"minecraft:torch":24,"minecraft:iron_pickaxe":1,"biomemakeover:cowboy_hat":1}},"DataVersion":3120}