{"stats":{"minecraft:custom":{"minecraft:mob_kills":4,"minecraft:interact_with_crafting_table":1,"minecraft:interact_with_cartography_table":2,"minecraft:open_barrel":8,"minecraft:time_since_death":554,"minecraft:sleep_in_bed":3,"minecraft:climb_one_cm":1184,"minecraft:time_since_rest":582,"minecraft:sprint_one_cm":51635,"minecraft:damage_taken":491,"minecraft:walk_one_cm":68273,"minecraft:damage_blocked_by_shield":60,"minecraft:trigger_trapped_chest":1,"minecraft:drop":6,"minecraft:damage_dealt":599,"minecraft:fly_one_cm":143940,"minecraft:open_chest":6,"minecraft:crouch_one_cm":2859,"minecraft:play_time":29411,"minecraft:deaths":2,"minecraft:sneak_time":1220,"minecraft:walk_under_water_one_cm":3945,"minecraft:jump":769,"minecraft:walk_on_water_one_cm":2379,"minecraft:total_world_time":29411,"minecraft:fall_one_cm":24439},"minecraft:killed_by":{"minecraft:creeper":1,"alexsmobs:emu":1},"minecraft:dropped":{"minecraft:iron_ingot":2,"minecraft:iron_sword":1,"minecraft:diamond":1,"minecraft:shield":1,"biomemakeover:cowboy_hat":1},"minecraft:crafted":{"minecraft:shield":2,"minecraft:dark_oak_planks":32},"minecraft:used":{"minecraft:shield":3,"minecraft:white_terracotta":2,"minecraft:iron_sword":35,"minecraft:chiseled_red_sandstone":4,"minecraft:brown_terracotta":9,"minecraft:dark_oak_planks":4,"minecraft:apple":2,"minecraft:bread":2,"minecraft:iron_pickaxe":29,"minecraft:iron_helmet":1,"minecraft:cut_red_sandstone":1,"minecraft:cobblestone":17,"minecraft:hay_block":1,"alexsmobs:animal_dictionary":1},"minecraft:mined":{"minecraft:cyan_terracotta":1,"minecraft:smoker":1,"minecraft:dark_oak_log":8,"minecraft:dead_bush":6,"minecraft:iron_door":1,"minecraft:hay_block":20,"minecraft:white_terracotta":2,"minecraft:lime_bed":1,"minecraft:furnace":2,"minecraft:red_sandstone":9,"minecraft:wheat":3,"minecraft:terracotta":1,"minecraft:stone":3,"minecraft:cut_red_sandstone":1,"minecraft:gold_ore":8},"minecraft:picked_up":{"minecraft:lime_bed":2,"minecraft:wheat":2,"minecraft:iron_door":1,"minecraft:smoker":2,"minecraft:potato":5,"alexsmobs:roadrunner_feather":1,"minecraft:orange_banner":2,"minecraft:potion":3,"minecraft:shield":1,"minecraft:item_frame":2,"minecraft:apple":2,"minecraft:wheat_seeds":6,"minecraft:red_sandstone":9,"alexsmobs:emu_feather":2,"minecraft:raw_gold":7,"minecraft:iron_pickaxe":2,"minecraft:iron_sword":2,"minecraft:furnace":4,"minecraft:book":1,"minecraft:stick":6,"minecraft:brown_terracotta":17,"minecraft:dark_oak_log":8,"minecraft:red_terracotta":1,"alexsmobs:animal_dictionary":1,"minecraft:dark_oak_planks":20,"minecraft:cut_red_sandstone":1,"byg:biomepedia":1,"minecraft:light_gray_terracotta":1,"minecraft:rotten_flesh":3,"minecraft:hay_block":28,"minecraft:iron_helmet":2,"minecraft:white_terracotta":4,"minecraft:terracotta":2,"minecraft:chiseled_red_sandstone":4,"minecraft:cobblestone":20},"minecraft:killed":{"alexsmobs:emu":1,"minecraft:zombie":1,"alexsmobs:roadrunner":1}},"DataVersion":3120}