{"stats":{"minecraft:killed":{"minecraft:sheep":4,"minecraft:zombie":2,"minecraft:pig":4,"minecraft:cow":1},"minecraft:picked_up":{"minecraft:raw_iron":6,"minecraft:crafting_table":5,"minecraft:andesite":5,"minecraft:leather":2,"minecraft:porkchop":15,"minecraft:sand":1,"minecraft:spruce_log":12,"minecraft:lapis_lazuli":11,"minecraft:spruce_door":10,"minecraft:dirt":6,"minecraft:rotten_flesh":2,"minecraft:spruce_boat":9,"minecraft:cobbled_deepslate":7,"minecraft:beef":2,"minecraft:granite":1,"minecraft:stone_pickaxe":1,"minecraft:sugar_cane":14,"minecraft:mutton":6,"minecraft:coal":4,"minecraft:white_wool":4,"minecraft:cobblestone":43,"minecraft:furnace":2},"minecraft:mined":{"minecraft:furnace":2,"minecraft:iron_ore":4,"minecraft:spruce_log":12,"minecraft:andesite":5,"minecraft:spruce_door":9,"minecraft:crafting_table":5,"minecraft:glow_lichen":1,"minecraft:granite":1,"minecraft:grass_block":3,"minecraft:coal_ore":5,"minecraft:deepslate_iron_ore":2,"minecraft:dirt":3,"minecraft:sand":1,"minecraft:spruce_leaves":7,"minecraft:lapis_ore":2,"minecraft:stone":44,"minecraft:sugar_cane":3,"minecraft:deepslate":7},"minecraft:used":{"minecraft:spruce_boat":9,"minecraft:cooked_mutton":2,"minecraft:stone_sword":2,"minecraft:spruce_door":10,"minecraft:stone_pickaxe":61,"minecraft:spruce_planks":6,"minecraft:wooden_pickaxe":15,"minecraft:stone_axe":33,"minecraft:dirt":3,"minecraft:cobblestone":14,"minecraft:crafting_table":5,"minecraft:furnace":2,"minecraft:cooked_beef":2},"minecraft:custom":{"minecraft:time_since_rest":31633,"minecraft:interact_with_furnace":13,"minecraft:sprint_one_cm":32347,"minecraft:damage_taken":305,"minecraft:walk_one_cm":44198,"minecraft:mob_kills":11,"minecraft:drop":1,"minecraft:damage_dealt":1221,"minecraft:interact_with_crafting_table":8,"minecraft:swim_one_cm":70517,"minecraft:fly_one_cm":105880,"minecraft:crouch_one_cm":382,"minecraft:play_time":31633,"minecraft:sneak_time":428,"minecraft:walk_under_water_one_cm":18148,"minecraft:boat_one_cm":136817,"minecraft:jump":521,"minecraft:leave_game":2,"minecraft:time_since_death":31633,"minecraft:walk_on_water_one_cm":16978,"minecraft:total_world_time":31633,"minecraft:fall_one_cm":14194},"minecraft:crafted":{"minecraft:cooked_beef":2,"minecraft:cooked_porkchop":3,"minecraft:shield":1,"minecraft:crafting_table":1,"minecraft:spruce_planks":48,"minecraft:stick":12,"minecraft:stone_pickaxe":1,"minecraft:iron_ingot":1,"minecraft:wooden_pickaxe":1,"minecraft:stone_sword":1,"minecraft:spruce_door":3,"minecraft:furnace":1,"minecraft:spruce_boat":1,"minecraft:stone_axe":1,"minecraft:air":0,"minecraft:cooked_mutton":2},"minecraft:dropped":{"minecraft:stone_pickaxe":1}},"DataVersion":3955}