{"stats":{"minecraft:killed":{"minecraft:pig":4,"minecraft:sheep":4,"minecraft:skeleton":1,"minecraft:zombie":3,"minecraft:cow":4},"minecraft:picked_up":{"minecraft:crafting_table":5,"minecraft:cooked_beef":7,"minecraft:andesite":6,"minecraft:leather":7,"minecraft:flint":2,"minecraft:lapis_lazuli":11,"minecraft:dirt":36,"minecraft:cooked_mutton":2,"minecraft:bone":2,"minecraft:cobbled_deepslate":8,"minecraft:iron_ingot":3,"minecraft:beef":2,"minecraft:stone_pickaxe":1,"minecraft:sugar_cane":14,"minecraft:furnace":3,"minecraft:raw_iron":40,"minecraft:gravel":14,"minecraft:porkchop":15,"minecraft:sand":1,"minecraft:spruce_log":12,"minecraft:spruce_door":10,"minecraft:rotten_flesh":4,"minecraft:spruce_boat":9,"minecraft:granite":1,"minecraft:mutton":6,"minecraft:coal":33,"minecraft:white_wool":5,"minecraft:cobblestone":62},"minecraft:mined":{"minecraft:spruce_door":9,"minecraft:crafting_table":5,"minecraft:glow_lichen":2,"minecraft:granite":1,"minecraft:grass_block":4,"minecraft:cobblestone":6,"minecraft:spruce_leaves":7,"minecraft:lapis_ore":2,"minecraft:sugar_cane":3,"minecraft:furnace":3,"minecraft:iron_ore":29,"minecraft:fire":9,"minecraft:spruce_log":12,"minecraft:andesite":6,"minecraft:coal_ore":36,"minecraft:deepslate_iron_ore":12,"minecraft:sand":1,"minecraft:gravel":7,"minecraft:dirt":3,"minecraft:stone":59,"minecraft:deepslate":8},"minecraft:used":{"minecraft:cooked_mutton":2,"minecraft:stone_sword":21,"minecraft:spruce_door":10,"minecraft:flint_and_steel":9,"minecraft:stone_pickaxe":131,"minecraft:shield":1,"minecraft:spruce_planks":6,"minecraft:wooden_pickaxe":15,"minecraft:torch":10,"minecraft:dirt":3,"minecraft:crafting_table":6,"minecraft:white_bed":1,"minecraft:spruce_boat":9,"minecraft:iron_pickaxe":20,"minecraft:gravel":14,"minecraft:stone_axe":33,"minecraft:cobblestone":37,"minecraft:furnace":4,"minecraft:cooked_porkchop":3,"minecraft:cooked_beef":2},"minecraft:custom":{"minecraft:interact_with_furnace":17,"minecraft:mob_kills":18,"minecraft:interact_with_crafting_table":12,"minecraft:leave_game":2,"minecraft:time_since_death":43633,"minecraft:time_since_rest":43633,"minecraft:sprint_one_cm":44201,"minecraft:damage_taken":608,"minecraft:walk_one_cm":92134,"minecraft:damage_blocked_by_shield":25,"minecraft:drop":1,"minecraft:damage_dealt":1976,"minecraft:swim_one_cm":70517,"minecraft:fly_one_cm":119244,"minecraft:crouch_one_cm":2169,"minecraft:play_time":43633,"minecraft:sneak_time":1197,"minecraft:walk_under_water_one_cm":18263,"minecraft:boat_one_cm":136817,"minecraft:jump":757,"minecraft:walk_on_water_one_cm":17783,"minecraft:total_world_time":43633,"minecraft:fall_one_cm":21553},"minecraft:crafted":{"minecraft:cooked_beef":2,"minecraft:cooked_porkchop":3,"minecraft:crafting_table":1,"minecraft:spruce_planks":48,"minecraft:wooden_pickaxe":1,"minecraft:spruce_door":3,"minecraft:furnace":1,"minecraft:stone_axe":1,"minecraft:cooked_mutton":2,"minecraft:air":0,"minecraft:flint_and_steel":1,"minecraft:shield":1,"minecraft:stick":20,"minecraft:iron_ingot":3,"minecraft:iron_pickaxe":1,"minecraft:stone_pickaxe":1,"minecraft:stone_sword":1,"minecraft:white_bed":1,"minecraft:spruce_boat":1,"minecraft:torch":20},"minecraft:dropped":{"minecraft:stone_pickaxe":1},"minecraft:broken":{"minecraft:stone_pickaxe":1}},"DataVersion":3955}