{"stats":{"minecraft:custom":{"minecraft:time_since_rest":5849,"minecraft:sprint_one_cm":28199,"minecraft:damage_taken":60,"minecraft:walk_one_cm":35605,"minecraft:mob_kills":1,"minecraft:drop":4,"minecraft:damage_dealt":170,"minecraft:interact_with_crafting_table":1,"minecraft:fly_one_cm":74233,"minecraft:open_chest":6,"minecraft:crouch_one_cm":1245,"minecraft:play_time":17411,"minecraft:sneak_time":693,"minecraft:jump":413,"minecraft:time_since_death":17411,"minecraft:sleep_in_bed":2,"minecraft:total_world_time":17411,"minecraft:fall_one_cm":13219},"minecraft:dropped":{"minecraft:iron_ingot":2,"minecraft:shield":1,"minecraft:diamond":1},"minecraft:crafted":{"minecraft:shield":2,"minecraft:dark_oak_planks":32},"minecraft:used":{"minecraft:iron_pickaxe":6,"minecraft:bread":2,"minecraft:iron_helmet":1,"minecraft:iron_sword":15,"alexsmobs:animal_dictionary":1},"minecraft:mined":{"minecraft:hay_block":8,"minecraft:white_terracotta":2,"minecraft:lime_bed":1,"minecraft:furnace":2,"minecraft:wheat":3,"minecraft:smoker":1,"minecraft:dark_oak_log":8,"minecraft:dead_bush":5,"minecraft:terracotta":1},"minecraft:picked_up":{"minecraft:stick":3,"minecraft:lime_bed":1,"minecraft:wheat":2,"minecraft:smoker":1,"minecraft:potion":1,"minecraft:orange_banner":1,"minecraft:dark_oak_log":8,"minecraft:item_frame":1,"minecraft:wheat_seeds":6,"minecraft:iron_helmet":1,"minecraft:hay_block":8,"minecraft:iron_pickaxe":1,"minecraft:white_terracotta":2,"minecraft:terracotta":1,"minecraft:furnace":2},"minecraft:killed":{"alexsmobs:roadrunner":1}},"DataVersion":3120}