{"stats":{"minecraft:custom":{"minecraft:jump":73,"minecraft:time_since_rest":5411,"minecraft:damage_taken":20,"minecraft:sprint_one_cm":2344,"minecraft:play_time":5411,"minecraft:time_since_death":5411,"minecraft:walk_one_cm":3458,"minecraft:sneak_time":12,"minecraft:total_world_time":5411,"minecraft:fall_one_cm":2748,"minecraft:fly_one_cm":8876},"minecraft:used":{"minecraft:iron_helmet":1,"alexsmobs:animal_dictionary":1},"minecraft:mined":{"minecraft:dead_bush":5},"minecraft:picked_up":{"minecraft:iron_helmet":1,"minecraft:stick":3,"minecraft:iron_pickaxe":1}},"DataVersion":3120}