{"stats":{"minecraft:killed":{"minecraft:spider":5,"minecraft:skeleton":11,"minecraft:chicken":1,"minecraft:magma_cube":12,"minecraft:pig":4,"minecraft:creeper":1,"minecraft:sheep":5,"minecraft:zombie":12,"minecraft:wither_skeleton":2,"minecraft:blaze":4,"minecraft:enderman":3,"minecraft:cow":13},"minecraft:picked_up":{"minecraft:crafting_table":11,"minecraft:oak_stairs":1,"minecraft:gold_block":1,"minecraft:brewing_stand":3,"minecraft:oak_trapdoor":1,"minecraft:string":4,"minecraft:cobbled_deepslate":124,"minecraft:beef":15,"minecraft:oak_boat":2,"minecraft:sugar_cane":83,"minecraft:chest":3,"minecraft:furnace":5,"minecraft:raw_iron":110,"minecraft:oak_door":12,"minecraft:composter":1,"minecraft:torch":3,"minecraft:porkchop":15,"minecraft:redstone":10,"minecraft:stone_sword":2,"minecraft:arrow":2,"minecraft:rotten_flesh":12,"minecraft:gold_ingot":4,"minecraft:white_terracotta":26,"minecraft:obsidian":3,"minecraft:mutton":6,"minecraft:white_wool":5,"minecraft:cobblestone":100,"minecraft:oxeye_daisy":2,"minecraft:stripped_oak_log":8,"minecraft:basalt":26,"minecraft:cooked_beef":7,"minecraft:magma_cream":2,"minecraft:andesite":7,"minecraft:leather":21,"minecraft:flint":4,"minecraft:oak_log":64,"minecraft:yellow_bed":6,"minecraft:gunpowder":8,"minecraft:lapis_lazuli":56,"minecraft:dirt":41,"minecraft:twisting_vines":6,"minecraft:cooked_mutton":2,"minecraft:bone":17,"minecraft:stonecutter":2,"minecraft:wheat_seeds":3,"minecraft:raw_gold":17,"minecraft:bell":2,"minecraft:iron_ingot":7,"minecraft:stone_pickaxe":1,"minecraft:oak_planks":12,"minecraft:iron_sword":1,"minecraft:oak_slab":16,"minecraft:gravel":24,"minecraft:sand":3,"minecraft:white_bed":19,"minecraft:spruce_log":12,"minecraft:mossy_stone_brick_slab":1,"minecraft:crying_obsidian":2,"minecraft:spruce_door":10,"minecraft:pumpkin_seeds":12,"minecraft:diamond":13,"minecraft:spruce_boat":16,"minecraft:granite":1,"minecraft:golden_horse_armor":1,"minecraft:warped_roots":4,"minecraft:oak_sapling":2,"minecraft:warped_nylium":1,"minecraft:netherrack":1,"minecraft:coal":108,"minecraft:crimson_roots":1,"minecraft:ender_pearl":2},"minecraft:mined":{"minecraft:crying_obsidian":1,"minecraft:tuff":10,"minecraft:white_bed":19,"minecraft:deepslate_diamond_ore":13,"minecraft:oak_door":12,"minecraft:mossy_stone_brick_slab":1,"minecraft:brewing_stand":3,"minecraft:obsidian":3,"minecraft:glow_lichen":2,"minecraft:granite":1,"minecraft:grass_block":4,"minecraft:spruce_leaves":7,"minecraft:composter":1,"minecraft:oxeye_daisy":1,"minecraft:hay_block":1,"minecraft:redstone_ore":1,"minecraft:oak_trapdoor":1,"minecraft:furnace":5,"minecraft:nether_sprouts":1,"minecraft:iron_ore":76,"minecraft:cobbled_deepslate":4,"minecraft:fire":19,"minecraft:andesite":7,"minecraft:gold_block":1,"minecraft:bell":2,"minecraft:dirt_path":1,"minecraft:deepslate_iron_ore":35,"minecraft:oak_stairs":1,"minecraft:stripped_oak_log":8,"minecraft:stone":85,"minecraft:deepslate_redstone_ore":4,"minecraft:oak_slab":13,"minecraft:blackstone":1,"minecraft:twisting_vines_plant":4,"minecraft:basalt":28,"minecraft:spruce_door":9,"minecraft:crafting_table":11,"minecraft:short_grass":33,"minecraft:blast_furnace":1,"minecraft:warped_roots":4,"minecraft:chest":3,"minecraft:tall_grass":10,"minecraft:cobblestone":16,"minecraft:deepslate_gold_ore":12,"minecraft:lapis_ore":8,"minecraft:oak_planks":13,"minecraft:sugar_cane":40,"minecraft:wall_torch":1,"minecraft:seagrass":1,"minecraft:white_terracotta":29,"minecraft:spruce_log":12,"minecraft:yellow_bed":6,"minecraft:coal_ore":67,"minecraft:oak_log":67,"minecraft:dirt":7,"minecraft:sand":3,"minecraft:gravel":19,"minecraft:stonecutter":2,"minecraft:netherrack":1,"minecraft:gold_ore":5,"minecraft:oak_leaves":5,"minecraft:deepslate":121},"minecraft:used":{"minecraft:oak_trapdoor":11,"minecraft:stone_sword":127,"minecraft:flint_and_steel":13,"minecraft:chest":4,"minecraft:spruce_planks":6,"minecraft:shield":22,"minecraft:iron_sword":138,"minecraft:bell":1,"minecraft:netherrack":1,"minecraft:torch":20,"minecraft:dirt":39,"minecraft:nether_bricks":1,"minecraft:obsidian":4,"minecraft:spruce_boat":16,"minecraft:iron_axe":87,"minecraft:basalt":15,"minecraft:furnace":6,"minecraft:cooked_beef":17,"minecraft:cobbled_deepslate":39,"minecraft:cooked_mutton":4,"minecraft:spruce_door":10,"minecraft:stone_pickaxe":131,"minecraft:oak_planks":115,"minecraft:wooden_pickaxe":15,"minecraft:sugar_cane":34,"minecraft:oak_slab":40,"minecraft:crafting_table":12,"minecraft:white_bed":17,"minecraft:diamond_pickaxe":88,"minecraft:iron_pickaxe":322,"minecraft:deepslate":64,"minecraft:gravel":14,"minecraft:stone_axe":88,"minecraft:cobblestone":80,"minecraft:cooked_porkchop":8,"minecraft:yellow_bed":3,"minecraft:oak_boat":2,"minecraft:experience_bottle":79},"minecraft:custom":{"minecraft:mob_kills":75,"minecraft:interact_with_crafting_table":28,"minecraft:bell_ring":61,"minecraft:leave_game":3,"minecraft:time_since_death":59726,"minecraft:sprint_one_cm":235609,"minecraft:walk_one_cm":425270,"minecraft:damage_blocked_by_shield":774,"minecraft:drop":30,"minecraft:talked_to_villager":5,"minecraft:play_time":154851,"minecraft:deaths":1,"minecraft:sneak_time":6430,"minecraft:walk_under_water_one_cm":20701,"minecraft:boat_one_cm":282439,"minecraft:jump":3226,"minecraft:walk_on_water_one_cm":37557,"minecraft:total_world_time":154851,"minecraft:interact_with_furnace":28,"minecraft:sleep_in_bed":6,"minecraft:time_since_rest":2346,"minecraft:damage_taken":2320,"minecraft:damage_dealt":11151,"minecraft:fly_one_cm":591627,"minecraft:swim_one_cm":70833,"minecraft:open_chest":16,"minecraft:crouch_one_cm":16228,"minecraft:fall_one_cm":77294},"minecraft:crafted":{"minecraft:oak_planks":220,"minecraft:furnace":1,"minecraft:cooked_mutton":2,"minecraft:oak_trapdoor":12,"minecraft:flint_and_steel":1,"minecraft:iron_boots":1,"minecraft:iron_axe":1,"minecraft:stone_pickaxe":1,"minecraft:chest":1,"minecraft:spruce_boat":1,"minecraft:cooked_beef":2,"minecraft:oak_slab":24,"minecraft:cooked_porkchop":9,"minecraft:crafting_table":2,"minecraft:spruce_planks":48,"minecraft:wooden_pickaxe":1,"minecraft:iron_helmet":1,"minecraft:iron_sword":1,"minecraft:spruce_door":3,"minecraft:stone_axe":1,"minecraft:air":0,"minecraft:oak_boat":1,"minecraft:iron_chestplate":1,"minecraft:diamond_pickaxe":1,"minecraft:shield":1,"minecraft:stick":24,"minecraft:iron_ingot":82,"minecraft:iron_pickaxe":2,"minecraft:stone_sword":1,"minecraft:iron_leggings":1,"minecraft:white_bed":1,"minecraft:torch":20},"minecraft:dropped":{"minecraft:iron_ingot":29,"minecraft:iron_sword":1,"minecraft:granite":1,"minecraft:spruce_door":3,"minecraft:flint":1,"minecraft:oxeye_daisy":1,"minecraft:dirt":1,"minecraft:mutton":2,"minecraft:sand":3,"minecraft:string":4,"minecraft:white_wool":2,"minecraft:stone_sword":1,"minecraft:pumpkin_seeds":12,"minecraft:andesite":7,"minecraft:oak_sapling":1,"minecraft:basalt":8,"minecraft:arrow":2,"minecraft:stone_pickaxe":1,"minecraft:wooden_pickaxe":1,"minecraft:crying_obsidian":1},"minecraft:broken":{"minecraft:stone_pickaxe":1,"minecraft:iron_pickaxe":1}},"DataVersion":3955}