{"stats":{"minecraft:used":{"alexsmobs:emu_egg":8,"minecraft:stone_sword":145,"minecraft:acacia_log":4,"minecraft:shield":71,"minecraft:white_terracotta":6,"minecraft:iron_sword":349,"minecraft:iron_chestplate":1,"minecraft:torch":38,"minecraft:chiseled_red_sandstone":4,"minecraft:dirt":15,"minecraft:carrot":2,"travelersbackpack:iron":3,"minecraft:granite":1,"minecraft:brown_terracotta":20,"minecraft:dark_oak_planks":4,"minecraft:iron_axe":40,"minecraft:grass_block":12,"biomesoplenty:orange_sand":5,"minecraft:iron_helmet":1,"minecraft:bow":8,"minecraft:hay_block":1,"minecraft:furnace":4,"minecraft:cobbled_deepslate":18,"minecraft:orange_terracotta":4,"minecraft:wheat_seeds":12,"minecraft:diorite":1,"minecraft:stone_pickaxe":135,"minecraft:oak_planks":10,"biomemakeover:cowboy_hat":2,"minecraft:terracotta":26,"minecraft:lime_bed":1,"minecraft:crafting_table":6,"minecraft:light_gray_terracotta":2,"minecraft:crossbow":4,"mca:scythe":3,"minecraft:apple":2,"minecraft:bread":85,"minecraft:melon_slice":12,"minecraft:iron_pickaxe":349,"minecraft:red_terracotta":14,"minecraft:gravel":4,"byg:soapstone":13,"minecraft:cut_red_sandstone":1,"minecraft:cobblestone":108,"minecraft:potion":1,"minecraft:stripped_crimson_hyphae":1,"minecraft:bucket":3,"minecraft:pumpkin_pie":3,"alexsmobs:animal_dictionary":1,"minecraft:experience_bottle":2},"minecraft:killed_by":{"minecraft:player":1,"minecraft:creeper":1,"alexsmobs:emu":1,"minecraft:vindicator":1,"minecraft:zombie":1},"minecraft:killed":{"minecraft:cave_spider":3,"alexsmobs:tarantula_hawk":1,"minecraft:vindicator":3,"minecraft:spider":4,"aquaculture:gar":1,"alexsmobs:rattlesnake":1,"minecraft:skeleton":12,"alexsmobs:kangaroo":7,"minecraft:husk":1,"biomemakeover:ghost":5,"biomemakeover:scuttler":1,"minecraft:creeper":2,"alexsmobs:emu":15,"minecraft:pillager":9,"minecraft:zombie":22,"alexsmobs:gazelle":2,"alexsmobs:roadrunner":2},"minecraft:custom":{"minecraft:mob_kills":101,"minecraft:interact_with_crafting_table":30,"minecraft:open_barrel":32,"minecraft:leave_game":10,"minecraft:time_since_death":6983,"minecraft:climb_one_cm":5195,"minecraft:sprint_one_cm":423994,"minecraft:walk_one_cm":527090,"minecraft:damage_blocked_by_shield":2250,"minecraft:drop":24,"minecraft:play_time":288033,"minecraft:sneak_time":16858,"minecraft:deaths":9,"minecraft:walk_under_water_one_cm":38145,"minecraft:boat_one_cm":186556,"minecraft:jump":5839,"minecraft:interact_with_blast_furnace":2,"minecraft:walk_on_water_one_cm":56661,"minecraft:total_world_time":288033,"minecraft:interact_with_furnace":16,"minecraft:interact_with_cartography_table":2,"minecraft:sleep_in_bed":6,"minecraft:time_since_rest":7020,"minecraft:damage_taken":6756,"minecraft:damage_absorbed":132,"minecraft:trigger_trapped_chest":1,"minecraft:damage_dealt":17822,"minecraft:swim_one_cm":21085,"minecraft:fly_one_cm":1213457,"minecraft:open_chest":27,"minecraft:crouch_one_cm":39372,"minecraft:interact_with_smoker":1,"minecraft:fall_one_cm":194395},"minecraft:broken":{"minecraft:stone_sword":1,"minecraft:stone_pickaxe":1,"minecraft:iron_pickaxe":1},"minecraft:crafted":{"minecraft:oak_planks":24,"minecraft:furnace":1,"minecraft:iron_axe":2,"minecraft:stone_pickaxe":1,"minecraft:dark_oak_planks":32,"minecraft:wheat":288,"minecraft:crafting_table":4,"minecraft:iron_sword":3,"minecraft:bucket":1,"minecraft:bread":95,"minecraft:air":0,"aether:iron_gloves":1,"minecraft:iron_chestplate":2,"minecraft:shield":3,"minecraft:stick":14,"minecraft:iron_ingot":63,"minecraft:iron_pickaxe":2,"minecraft:stone_sword":1,"minecraft:iron_leggings":1,"alexsmobs:emu_leggings":2,"minecraft:acacia_planks":16,"minecraft:torch":36},"minecraft:picked_up":{"byg:windswept_sand":6,"minecraft:crafting_table":6,"minecraft:iron_chestplate":2,"byg:soapstone":19,"minecraft:wheat":163,"alexsmobs:emu_leggings":1,"aether:iron_gloves":1,"alexsmobs:roadrunner_feather":6,"biomemakeover:ectoplasm":1,"minecraft:orange_banner":3,"minecraft:potion":5,"minecraft:shield":6,"minecraft:string":93,"minecraft:raw_copper":52,"minecraft:iron_axe":2,"minecraft:flint_and_steel":1,"minecraft:iron_leggings":1,"minecraft:item_frame":4,"alexsmobs:emu_feather":20,"minecraft:gold_nugget":3,"minecraft:cobbled_deepslate":28,"minecraft:bucket":1,"minecraft:iron_pickaxe":8,"minecraft:spruce_slab":1,"minecraft:lectern":1,"minecraft:melon_slice":60,"minecraft:sugar_cane":18,"byg:golden_spined_cactus":8,"biomesoplenty:hanging_cobweb":1,"minecraft:iron_boots":2,"minecraft:furnace":9,"minecraft:stripped_crimson_hyphae":1,"minecraft:sandstone":26,"minecraft:stick":35,"minecraft:raw_iron":123,"minecraft:brown_terracotta":46,"minecraft:acacia_log":18,"minecraft:torch":46,"minecraft:green_bed":1,"minecraft:spruce_stairs":1,"minecraft:diorite":4,"minecraft:carrot":1,"biomemakeover:scuttler_tail":1,"biomemakeover:cowboy_hat":5,"minecraft:dark_oak_planks":48,"travelersbackpack:iron":4,"byg:biomepedia":3,"minecraft:arrow":40,"minecraft:rotten_flesh":63,"minecraft:stone_shovel":4,"minecraft:pumpkin_pie":3,"minecraft:hay_block":73,"alexsmobs:emu_egg":23,"minecraft:gold_ingot":6,"minecraft:white_terracotta":10,"minecraft:mutton":2,"minecraft:cobblestone":161,"biomesoplenty:orange_sand":5,"alexsmobs:kangaroo_meat":11,"minecraft:bone_block":45,"minecraft:lime_bed":3,"minecraft:clock":1,"minecraft:feather":2,"minecraft:iron_door":2,"minecraft:acacia_leaves":1,"minecraft:smoker":5,"minecraft:potato":20,"minecraft:flint":2,"minecraft:tuff":2,"minecraft:oak_log":12,"minecraft:gunpowder":4,"byg:aloe_vera":12,"mca:book_romance":1,"minecraft:lapis_lazuli":84,"minecraft:paper":10,"minecraft:dirt":15,"minecraft:orange_terracotta":7,"minecraft:bone":15,"minecraft:acacia_planks":6,"minecraft:apple":2,"minecraft:bow":2,"minecraft:red_sandstone":18,"minecraft:wheat_seeds":199,"minecraft:raw_gold":39,"minecraft:iron_ingot":59,"minecraft:iron_sword":9,"minecraft:oak_planks":40,"minecraft:book":27,"minecraft:oak_slab":3,"aquaculture:gar":2,"minecraft:gravel":36,"minecraft:poisonous_potato":1,"minecraft:dark_oak_log":8,"minecraft:red_terracotta":15,"minecraft:spider_eye":2,"alexsmobs:animal_dictionary":5,"minecraft:cut_red_sandstone":1,"minecraft:light_gray_terracotta":10,"alexsmobs:kangaroo_hide":9,"minecraft:crossbow":2,"minecraft:iron_helmet":4,"minecraft:granite":3,"alexsmobs:tarantula_hawk_wing_fragment":1,"minecraft:emerald":3,"minecraft:bread":119,"minecraft:terracotta":29,"minecraft:chiseled_red_sandstone":4,"minecraft:damaged_anvil":2,"minecraft:dark_oak_wood":1,"minecraft:coal":183},"minecraft:mined":{"minecraft:tuff":1,"biomesoplenty:desert_grass":1,"minecraft:dark_oak_log":8,"minecraft:stripped_crimson_hyphae":1,"minecraft:glow_lichen":1,"minecraft:granite":3,"biomesoplenty:bush":8,"minecraft:acacia_log":11,"travelersbackpack:iron":2,"minecraft:sandstone":9,"biomesoplenty:dune_grass":4,"minecraft:spawner":1,"minecraft:hay_block":31,"minecraft:furnace":4,"minecraft:iron_ore":49,"minecraft:red_sandstone":9,"minecraft:fire":3,"minecraft:deepslate_lapis_ore":8,"minecraft:peony":1,"biomesoplenty:hanging_cobweb":1,"minecraft:bookshelf":8,"minecraft:deepslate_iron_ore":41,"biomesoplenty:webbing":4,"biomesoplenty:spider_egg":2,"minecraft:stone":76,"minecraft:bone_block":26,"minecraft:spruce_slab":1,"minecraft:green_bed":1,"minecraft:oak_slab":1,"minecraft:cut_sandstone":1,"minecraft:acacia_leaves":2,"minecraft:cyan_terracotta":1,"byg:golden_spined_cactus":3,"biomesoplenty:orange_sand":5,"minecraft:smoker":1,"minecraft:orange_terracotta":4,"minecraft:crafting_table":4,"minecraft:torch":9,"minecraft:light_gray_terracotta":6,"minecraft:dark_oak_wood":1,"minecraft:melon":8,"minecraft:dead_bush":27,"minecraft:lectern":1,"minecraft:copper_ore":4,"minecraft:cobblestone":2,"biomesoplenty:sprout":1,"minecraft:lapis_ore":6,"minecraft:deepslate_gold_ore":2,"minecraft:damaged_anvil":2,"minecraft:sugar_cane":8,"minecraft:oak_planks":13,"minecraft:diorite":1,"minecraft:iron_door":1,"minecraft:wall_torch":8,"minecraft:spruce_stairs":1,"minecraft:white_terracotta":8,"byg:soapstone":14,"minecraft:lime_bed":1,"minecraft:red_terracotta":13,"byg:blooming_aloe_vera":1,"minecraft:wheat":62,"byg:windswept_sand":3,"minecraft:grass":10,"minecraft:oak_log":7,"minecraft:coal_ore":96,"minecraft:dirt":15,"biomesoplenty:stringy_cobweb":1,"minecraft:cobweb":36,"minecraft:brown_terracotta":11,"minecraft:terracotta":27,"minecraft:cut_red_sandstone":1,"minecraft:gold_ore":15,"minecraft:oak_leaves":1,"minecraft:deepslate":23},"minecraft:dropped":{"minecraft:iron_ingot":24,"minecraft:iron_sword":4,"minecraft:wheat_seeds":31,"minecraft:glass_bottle":1,"minecraft:diamond":1,"minecraft:grass_block":1,"alexsmobs:roadrunner_feather":1,"minecraft:diorite":2,"aquaculture:gar":1,"minecraft:torch":24,"minecraft:dark_oak_wood":1,"minecraft:iron_pickaxe":1,"alexsmobs:emu_leggings":1,"mca:scythe":1,"minecraft:shield":1,"biomemakeover:cowboy_hat":1}},"DataVersion":3120}