{"stats":{"minecraft:custom":{"minecraft:interact_with_furnace":1,"minecraft:mob_kills":8,"minecraft:interact_with_crafting_table":3,"minecraft:interact_with_cartography_table":2,"minecraft:open_barrel":8,"minecraft:leave_game":1,"minecraft:time_since_death":9463,"minecraft:sleep_in_bed":3,"minecraft:climb_one_cm":1184,"minecraft:time_since_rest":9526,"minecraft:sprint_one_cm":109264,"minecraft:damage_taken":1128,"minecraft:walk_one_cm":115161,"minecraft:damage_blocked_by_shield":570,"minecraft:trigger_trapped_chest":1,"minecraft:drop":7,"minecraft:damage_dealt":1202,"minecraft:swim_one_cm":2857,"minecraft:fly_one_cm":322728,"minecraft:open_chest":11,"minecraft:crouch_one_cm":5746,"minecraft:play_time":54279,"minecraft:deaths":3,"minecraft:sneak_time":2304,"minecraft:walk_under_water_one_cm":9934,"minecraft:jump":1583,"minecraft:walk_on_water_one_cm":18869,"minecraft:total_world_time":54279,"minecraft:fall_one_cm":54485},"minecraft:killed_by":{"minecraft:creeper":1,"alexsmobs:emu":1},"minecraft:dropped":{"minecraft:iron_ingot":2,"minecraft:iron_sword":1,"minecraft:diamond":1,"minecraft:shield":1,"minecraft:iron_pickaxe":1,"biomemakeover:cowboy_hat":1},"minecraft:crafted":{"minecraft:crafting_table":1,"minecraft:bread":21,"minecraft:shield":2,"minecraft:dark_oak_planks":32,"minecraft:torch":12,"minecraft:wheat":171},"minecraft:used":{"alexsmobs:emu_egg":8,"minecraft:shield":8,"minecraft:white_terracotta":2,"minecraft:iron_sword":56,"minecraft:chiseled_red_sandstone":4,"minecraft:lime_bed":1,"minecraft:crafting_table":1,"minecraft:brown_terracotta":9,"minecraft:dark_oak_planks":4,"minecraft:apple":2,"minecraft:bread":10,"minecraft:iron_pickaxe":52,"minecraft:iron_helmet":1,"minecraft:red_terracotta":1,"minecraft:cut_red_sandstone":1,"minecraft:cobblestone":17,"minecraft:hay_block":1,"minecraft:furnace":2,"alexsmobs:animal_dictionary":1},"minecraft:mined":{"minecraft:acacia_leaves":1,"minecraft:cyan_terracotta":1,"minecraft:smoker":1,"minecraft:dark_oak_log":8,"biomesoplenty:bush":3,"minecraft:acacia_log":3,"minecraft:dead_bush":16,"minecraft:sugar_cane":4,"minecraft:iron_door":1,"biomesoplenty:dune_grass":1,"minecraft:hay_block":25,"minecraft:white_terracotta":2,"byg:soapstone":1,"minecraft:lime_bed":1,"minecraft:furnace":2,"minecraft:red_sandstone":9,"minecraft:wheat":4,"minecraft:grass":1,"minecraft:oak_log":7,"minecraft:coal_ore":19,"minecraft:terracotta":1,"minecraft:stone":6,"minecraft:cut_red_sandstone":1,"minecraft:gold_ore":8,"minecraft:oak_leaves":1},"minecraft:picked_up":{"minecraft:lime_bed":3,"byg:soapstone":1,"minecraft:wheat":112,"minecraft:iron_door":2,"minecraft:smoker":4,"minecraft:potato":15,"alexsmobs:roadrunner_feather":3,"minecraft:orange_banner":3,"minecraft:potion":5,"minecraft:oak_log":12,"minecraft:shield":3,"mca:book_romance":1,"minecraft:paper":10,"minecraft:item_frame":4,"minecraft:apple":2,"minecraft:wheat_seeds":29,"minecraft:red_sandstone":18,"alexsmobs:emu_feather":3,"minecraft:raw_gold":21,"minecraft:iron_pickaxe":5,"minecraft:sugar_cane":12,"minecraft:iron_sword":4,"minecraft:furnace":6,"minecraft:book":3,"minecraft:stick":18,"minecraft:brown_terracotta":25,"minecraft:acacia_log":6,"minecraft:poisonous_potato":1,"biomemakeover:scuttler_tail":1,"biomemakeover:cowboy_hat":2,"minecraft:dark_oak_log":8,"minecraft:red_terracotta":2,"alexsmobs:animal_dictionary":3,"minecraft:dark_oak_planks":48,"minecraft:cut_red_sandstone":1,"byg:biomepedia":3,"minecraft:light_gray_terracotta":2,"minecraft:stone_shovel":4,"minecraft:rotten_flesh":8,"minecraft:hay_block":52,"minecraft:iron_helmet":4,"alexsmobs:emu_egg":11,"minecraft:bread":15,"minecraft:white_terracotta":4,"minecraft:terracotta":3,"minecraft:chiseled_red_sandstone":4,"minecraft:coal":33,"minecraft:cobblestone":26},"minecraft:killed":{"biomemakeover:scuttler":1,"alexsmobs:emu":1,"minecraft:skeleton":1,"minecraft:zombie":2,"alexsmobs:roadrunner":2}},"DataVersion":3120}