{"stats":{"minecraft:killed":{"minecraft:spider":5,"minecraft:skeleton":11,"minecraft:chicken":1,"minecraft:magma_cube":12,"minecraft:pig":4,"minecraft:creeper":1,"minecraft:sheep":5,"minecraft:zombie":12,"minecraft:wither_skeleton":2,"minecraft:blaze":4,"minecraft:enderman":3,"minecraft:cow":13},"minecraft:picked_up":{"minecraft:crafting_table":10,"minecraft:gold_block":1,"minecraft:string":4,"minecraft:cobbled_deepslate":113,"minecraft:beef":15,"minecraft:oak_boat":1,"minecraft:sugar_cane":67,"minecraft:chest":3,"minecraft:furnace":5,"minecraft:raw_iron":110,"minecraft:porkchop":15,"minecraft:redstone":10,"minecraft:stone_sword":2,"minecraft:arrow":2,"minecraft:rotten_flesh":12,"minecraft:gold_ingot":4,"minecraft:obsidian":3,"minecraft:mutton":6,"minecraft:white_wool":5,"minecraft:cobblestone":92,"minecraft:basalt":26,"minecraft:cooked_beef":7,"minecraft:magma_cream":2,"minecraft:andesite":7,"minecraft:leather":21,"minecraft:flint":2,"minecraft:oak_log":17,"minecraft:gunpowder":8,"minecraft:lapis_lazuli":56,"minecraft:dirt":40,"minecraft:twisting_vines":6,"minecraft:cooked_mutton":2,"minecraft:bone":17,"minecraft:wheat_seeds":3,"minecraft:raw_gold":17,"minecraft:iron_ingot":7,"minecraft:stone_pickaxe":1,"minecraft:gravel":14,"minecraft:sand":3,"minecraft:white_bed":3,"minecraft:spruce_log":12,"minecraft:mossy_stone_brick_slab":1,"minecraft:crying_obsidian":2,"minecraft:spruce_door":10,"minecraft:pumpkin_seeds":12,"minecraft:diamond":13,"minecraft:spruce_boat":16,"minecraft:granite":1,"minecraft:golden_horse_armor":1,"minecraft:warped_roots":4,"minecraft:oak_sapling":1,"minecraft:warped_nylium":1,"minecraft:netherrack":1,"minecraft:coal":108,"minecraft:crimson_roots":1,"minecraft:ender_pearl":2},"minecraft:mined":{"minecraft:crying_obsidian":1,"minecraft:tuff":10,"minecraft:white_bed":3,"minecraft:deepslate_diamond_ore":13,"minecraft:mossy_stone_brick_slab":1,"minecraft:obsidian":3,"minecraft:glow_lichen":2,"minecraft:granite":1,"minecraft:grass_block":4,"minecraft:spruce_leaves":7,"minecraft:redstone_ore":1,"minecraft:furnace":5,"minecraft:nether_sprouts":1,"minecraft:iron_ore":76,"minecraft:cobbled_deepslate":3,"minecraft:fire":19,"minecraft:andesite":7,"minecraft:gold_block":1,"minecraft:deepslate_iron_ore":35,"minecraft:stone":85,"minecraft:deepslate_redstone_ore":4,"minecraft:blackstone":1,"minecraft:twisting_vines_plant":4,"minecraft:basalt":28,"minecraft:spruce_door":9,"minecraft:crafting_table":10,"minecraft:short_grass":11,"minecraft:warped_roots":4,"minecraft:chest":3,"minecraft:tall_grass":10,"minecraft:cobblestone":8,"minecraft:deepslate_gold_ore":12,"minecraft:lapis_ore":8,"minecraft:sugar_cane":31,"minecraft:seagrass":1,"minecraft:spruce_log":12,"minecraft:coal_ore":67,"minecraft:oak_log":17,"minecraft:dirt":7,"minecraft:sand":3,"minecraft:gravel":7,"minecraft:netherrack":1,"minecraft:gold_ore":5,"minecraft:oak_leaves":2,"minecraft:deepslate":110},"minecraft:used":{"minecraft:stone_sword":127,"minecraft:flint_and_steel":13,"minecraft:chest":2,"minecraft:spruce_planks":6,"minecraft:shield":22,"minecraft:iron_sword":130,"minecraft:netherrack":1,"minecraft:torch":20,"minecraft:dirt":39,"minecraft:nether_bricks":1,"minecraft:obsidian":4,"minecraft:spruce_boat":16,"minecraft:basalt":15,"minecraft:furnace":5,"minecraft:cooked_beef":15,"minecraft:cobbled_deepslate":32,"minecraft:cooked_mutton":4,"minecraft:spruce_door":10,"minecraft:stone_pickaxe":131,"minecraft:wooden_pickaxe":15,"minecraft:crafting_table":10,"minecraft:white_bed":3,"minecraft:diamond_pickaxe":22,"minecraft:iron_pickaxe":322,"minecraft:deepslate":36,"minecraft:gravel":14,"minecraft:stone_axe":62,"minecraft:cobblestone":76,"minecraft:cooked_porkchop":8,"minecraft:oak_boat":1,"minecraft:experience_bottle":79},"minecraft:custom":{"minecraft:mob_kills":75,"minecraft:interact_with_crafting_table":24,"minecraft:leave_game":3,"minecraft:time_since_death":23726,"minecraft:sprint_one_cm":177526,"minecraft:walk_one_cm":298788,"minecraft:damage_blocked_by_shield":774,"minecraft:drop":28,"minecraft:play_time":118851,"minecraft:deaths":1,"minecraft:sneak_time":5611,"minecraft:walk_under_water_one_cm":20701,"minecraft:boat_one_cm":258013,"minecraft:jump":2644,"minecraft:walk_on_water_one_cm":36233,"minecraft:total_world_time":118851,"minecraft:interact_with_furnace":28,"minecraft:sleep_in_bed":3,"minecraft:time_since_rest":4636,"minecraft:damage_taken":2260,"minecraft:damage_dealt":10881,"minecraft:fly_one_cm":440809,"minecraft:swim_one_cm":70833,"minecraft:open_chest":13,"minecraft:crouch_one_cm":12307,"minecraft:fall_one_cm":69039},"minecraft:crafted":{"minecraft:oak_planks":68,"minecraft:furnace":1,"minecraft:cooked_mutton":2,"minecraft:flint_and_steel":1,"minecraft:iron_boots":1,"minecraft:stone_pickaxe":1,"minecraft:chest":1,"minecraft:spruce_boat":1,"minecraft:cooked_beef":2,"minecraft:cooked_porkchop":9,"minecraft:crafting_table":1,"minecraft:spruce_planks":48,"minecraft:wooden_pickaxe":1,"minecraft:iron_helmet":1,"minecraft:iron_sword":1,"minecraft:spruce_door":3,"minecraft:stone_axe":1,"minecraft:air":0,"minecraft:oak_boat":1,"minecraft:iron_chestplate":1,"minecraft:diamond_pickaxe":1,"minecraft:shield":1,"minecraft:stick":20,"minecraft:iron_ingot":82,"minecraft:iron_pickaxe":2,"minecraft:stone_sword":1,"minecraft:iron_leggings":1,"minecraft:white_bed":1,"minecraft:torch":20},"minecraft:dropped":{"minecraft:iron_ingot":29,"minecraft:granite":1,"minecraft:spruce_door":3,"minecraft:flint":1,"minecraft:dirt":1,"minecraft:mutton":2,"minecraft:sand":3,"minecraft:string":4,"minecraft:white_wool":2,"minecraft:stone_sword":1,"minecraft:pumpkin_seeds":12,"minecraft:andesite":7,"minecraft:oak_sapling":1,"minecraft:basalt":8,"minecraft:arrow":2,"minecraft:stone_pickaxe":1,"minecraft:wooden_pickaxe":1,"minecraft:crying_obsidian":1},"minecraft:broken":{"minecraft:stone_pickaxe":1,"minecraft:iron_pickaxe":1}},"DataVersion":3955}