{"stats":{"minecraft:killed_by":{"minecraft:player":1,"minecraft:creeper":1,"alexsmobs:emu":1},"minecraft:custom":{"minecraft:mob_kills":66,"minecraft:interact_with_crafting_table":23,"minecraft:open_barrel":8,"minecraft:leave_game":8,"minecraft:time_since_death":13256,"minecraft:climb_one_cm":4665,"minecraft:sprint_one_cm":329304,"minecraft:walk_one_cm":373979,"minecraft:damage_blocked_by_shield":1560,"minecraft:drop":20,"minecraft:play_time":222594,"minecraft:deaths":7,"minecraft:sneak_time":15450,"minecraft:walk_under_water_one_cm":24597,"minecraft:jump":4738,"minecraft:walk_on_water_one_cm":44116,"minecraft:total_world_time":222594,"minecraft:interact_with_furnace":16,"minecraft:interact_with_cartography_table":2,"minecraft:sleep_in_bed":6,"minecraft:time_since_rest":13351,"minecraft:damage_taken":4615,"minecraft:damage_absorbed":132,"minecraft:trigger_trapped_chest":1,"minecraft:damage_dealt":11322,"minecraft:swim_one_cm":17501,"minecraft:fly_one_cm":995010,"minecraft:open_chest":19,"minecraft:crouch_one_cm":34970,"minecraft:interact_with_smoker":1,"minecraft:fall_one_cm":162851},"minecraft:killed":{"minecraft:cave_spider":3,"minecraft:spider":3,"aquaculture:gar":1,"alexsmobs:rattlesnake":1,"minecraft:skeleton":11,"alexsmobs:kangaroo":6,"biomemakeover:scuttler":1,"alexsmobs:emu":15,"minecraft:zombie":16,"alexsmobs:gazelle":2,"alexsmobs:roadrunner":2},"minecraft:picked_up":{"minecraft:iron_chestplate":1,"minecraft:crafting_table":3,"minecraft:wheat":129,"byg:soapstone":14,"alexsmobs:emu_leggings":1,"aether:iron_gloves":1,"alexsmobs:roadrunner_feather":6,"minecraft:potion":5,"minecraft:orange_banner":3,"minecraft:shield":5,"minecraft:string":93,"minecraft:raw_copper":14,"minecraft:iron_axe":1,"minecraft:item_frame":4,"alexsmobs:emu_feather":20,"minecraft:gold_nugget":3,"minecraft:cobbled_deepslate":28,"minecraft:bucket":1,"minecraft:iron_pickaxe":7,"minecraft:melon_slice":40,"minecraft:sugar_cane":12,"biomesoplenty:hanging_cobweb":1,"minecraft:furnace":9,"minecraft:stick":30,"minecraft:raw_iron":123,"minecraft:brown_terracotta":46,"minecraft:acacia_log":14,"minecraft:torch":45,"minecraft:diorite":4,"minecraft:carrot":1,"biomemakeover:scuttler_tail":1,"biomemakeover:cowboy_hat":4,"minecraft:dark_oak_planks":48,"travelersbackpack:iron":2,"byg:biomepedia":3,"minecraft:arrow":36,"minecraft:rotten_flesh":50,"minecraft:stone_shovel":4,"minecraft:hay_block":73,"alexsmobs:emu_egg":22,"minecraft:white_terracotta":10,"minecraft:mutton":2,"minecraft:cobblestone":95,"biomesoplenty:orange_sand":1,"alexsmobs:kangaroo_meat":9,"minecraft:bone_block":3,"minecraft:lime_bed":3,"minecraft:feather":2,"minecraft:iron_door":2,"minecraft:acacia_leaves":1,"minecraft:smoker":5,"minecraft:potato":20,"minecraft:tuff":2,"minecraft:oak_log":12,"mca:book_romance":1,"minecraft:lapis_lazuli":84,"minecraft:paper":10,"minecraft:dirt":15,"minecraft:orange_terracotta":6,"minecraft:bone":15,"minecraft:apple":2,"minecraft:bow":2,"minecraft:red_sandstone":18,"minecraft:wheat_seeds":106,"minecraft:raw_gold":39,"minecraft:iron_ingot":44,"minecraft:oak_planks":38,"minecraft:iron_sword":6,"minecraft:book":3,"aquaculture:gar":2,"minecraft:poisonous_potato":1,"minecraft:spider_eye":2,"minecraft:red_terracotta":15,"minecraft:dark_oak_log":8,"alexsmobs:animal_dictionary":5,"minecraft:cut_red_sandstone":1,"minecraft:light_gray_terracotta":10,"alexsmobs:kangaroo_hide":9,"minecraft:iron_helmet":4,"minecraft:granite":3,"minecraft:bread":78,"minecraft:chiseled_red_sandstone":4,"minecraft:terracotta":29,"minecraft:dark_oak_wood":1,"minecraft:coal":183},"minecraft:mined":{"minecraft:tuff":1,"minecraft:dark_oak_log":8,"minecraft:glow_lichen":1,"minecraft:granite":3,"biomesoplenty:bush":8,"minecraft:acacia_log":7,"biomesoplenty:dune_grass":1,"minecraft:spawner":1,"minecraft:hay_block":31,"minecraft:furnace":4,"minecraft:red_sandstone":9,"minecraft:iron_ore":49,"minecraft:fire":3,"minecraft:deepslate_lapis_ore":8,"biomesoplenty:hanging_cobweb":1,"minecraft:deepslate_iron_ore":41,"biomesoplenty:webbing":4,"biomesoplenty:spider_egg":2,"minecraft:stone":75,"minecraft:bone_block":5,"minecraft:acacia_leaves":1,"minecraft:cyan_terracotta":1,"biomesoplenty:orange_sand":1,"minecraft:smoker":1,"minecraft:orange_terracotta":3,"minecraft:crafting_table":2,"minecraft:torch":9,"minecraft:light_gray_terracotta":6,"minecraft:dark_oak_wood":1,"minecraft:melon":3,"minecraft:dead_bush":25,"minecraft:copper_ore":4,"minecraft:cobblestone":2,"minecraft:deepslate_gold_ore":2,"minecraft:lapis_ore":6,"minecraft:oak_planks":10,"minecraft:sugar_cane":4,"minecraft:diorite":1,"minecraft:wall_torch":7,"minecraft:iron_door":1,"minecraft:white_terracotta":8,"minecraft:red_terracotta":13,"minecraft:lime_bed":1,"byg:soapstone":14,"minecraft:wheat":25,"minecraft:grass":10,"minecraft:oak_log":7,"minecraft:coal_ore":96,"minecraft:dirt":15,"biomesoplenty:stringy_cobweb":1,"minecraft:cobweb":36,"minecraft:brown_terracotta":11,"minecraft:terracotta":27,"minecraft:cut_red_sandstone":1,"minecraft:gold_ore":15,"minecraft:oak_leaves":1,"minecraft:deepslate":23},"minecraft:crafted":{"minecraft:oak_planks":24,"minecraft:furnace":1,"minecraft:iron_axe":1,"minecraft:stone_pickaxe":1,"minecraft:dark_oak_planks":32,"minecraft:wheat":288,"minecraft:crafting_table":4,"minecraft:iron_sword":1,"minecraft:bucket":1,"minecraft:bread":95,"minecraft:air":0,"aether:iron_gloves":1,"minecraft:iron_chestplate":1,"minecraft:shield":2,"minecraft:stick":6,"minecraft:iron_pickaxe":1,"minecraft:iron_ingot":63,"minecraft:stone_sword":1,"alexsmobs:emu_leggings":2,"minecraft:torch":36},"minecraft:used":{"alexsmobs:emu_egg":8,"minecraft:stone_sword":145,"minecraft:shield":49,"minecraft:white_terracotta":6,"minecraft:iron_sword":180,"minecraft:torch":32,"minecraft:chiseled_red_sandstone":4,"minecraft:dirt":15,"travelersbackpack:iron":3,"minecraft:granite":1,"minecraft:brown_terracotta":10,"minecraft:dark_oak_planks":4,"minecraft:grass_block":12,"minecraft:iron_axe":8,"biomesoplenty:orange_sand":1,"minecraft:iron_helmet":1,"minecraft:bow":3,"minecraft:hay_block":1,"minecraft:furnace":4,"minecraft:cobbled_deepslate":16,"minecraft:wheat_seeds":12,"minecraft:stone_pickaxe":135,"minecraft:oak_planks":10,"biomemakeover:cowboy_hat":1,"minecraft:terracotta":26,"minecraft:crafting_table":5,"minecraft:lime_bed":1,"minecraft:light_gray_terracotta":2,"mca:scythe":3,"minecraft:apple":2,"minecraft:bread":60,"minecraft:melon_slice":9,"minecraft:iron_pickaxe":313,"minecraft:red_terracotta":14,"minecraft:cut_red_sandstone":1,"byg:soapstone":12,"minecraft:cobblestone":68,"minecraft:potion":1,"minecraft:bucket":3,"alexsmobs:animal_dictionary":1},"minecraft:broken":{"minecraft:stone_sword":1,"minecraft:stone_pickaxe":1,"minecraft:iron_pickaxe":1},"minecraft:dropped":{"minecraft:iron_ingot":2,"minecraft:iron_sword":2,"minecraft:wheat_seeds":2,"minecraft:glass_bottle":1,"minecraft:diamond":1,"minecraft:grass_block":1,"alexsmobs:roadrunner_feather":1,"minecraft:diorite":2,"aquaculture:gar":1,"minecraft:torch":24,"minecraft:dark_oak_wood":1,"minecraft:iron_pickaxe":1,"alexsmobs:emu_leggings":1,"mca:scythe":1,"minecraft:shield":1,"biomemakeover:cowboy_hat":1}},"DataVersion":3120}