{"stats":{"minecraft:picked_up":{"minecraft:crafting_table":12,"minecraft:wheat":8,"minecraft:chest_minecart":1,"minecraft:oak_stairs":1,"minecraft:gold_block":1,"minecraft:brewing_stand":3,"minecraft:oak_trapdoor":6,"minecraft:string":40,"minecraft:beetroot":4,"minecraft:smooth_stone":8,"minecraft:cobbled_deepslate":170,"minecraft:beef":15,"minecraft:oak_boat":11,"minecraft:sugar_cane":141,"minecraft:chest":3,"minecraft:furnace":7,"minecraft:stick":17,"minecraft:raw_iron":110,"minecraft:oak_door":12,"minecraft:composter":1,"minecraft:oak_fence":4,"minecraft:torch":10,"minecraft:porkchop":15,"minecraft:carrot":98,"minecraft:redstone":10,"minecraft:stone_sword":2,"minecraft:arrow":3,"minecraft:rotten_flesh":25,"minecraft:beetroot_seeds":8,"minecraft:gold_ingot":4,"minecraft:white_terracotta":31,"minecraft:mutton":10,"minecraft:obsidian":18,"minecraft:rail":102,"minecraft:white_wool":7,"minecraft:cobblestone":181,"minecraft:oxeye_daisy":2,"minecraft:stripped_oak_log":33,"minecraft:birch_log":6,"minecraft:cooked_beef":7,"minecraft:basalt":26,"minecraft:magma_cream":2,"minecraft:andesite":7,"minecraft:leather":21,"minecraft:potato":6,"minecraft:birch_planks":19,"minecraft:flint":9,"minecraft:tuff":18,"minecraft:oak_log":340,"minecraft:yellow_bed":6,"minecraft:gunpowder":18,"minecraft:cobblestone_stairs":3,"minecraft:lapis_lazuli":101,"minecraft:dirt":227,"minecraft:twisting_vines":6,"minecraft:cooked_mutton":2,"minecraft:bone":45,"minecraft:stonecutter":2,"minecraft:wheat_seeds":31,"minecraft:raw_gold":17,"minecraft:bell":3,"minecraft:iron_ingot":8,"minecraft:stone_pickaxe":1,"minecraft:fletching_table":7,"minecraft:powered_rail":2,"minecraft:iron_sword":1,"minecraft:oak_planks":43,"minecraft:oak_slab":25,"minecraft:gravel":37,"minecraft:sand":132,"minecraft:white_bed":19,"minecraft:spruce_log":12,"minecraft:spruce_door":10,"minecraft:crying_obsidian":2,"minecraft:mossy_stone_brick_slab":1,"minecraft:spider_eye":3,"minecraft:mossy_cobblestone":1,"minecraft:pumpkin_seeds":12,"minecraft:diamond":22,"minecraft:spruce_boat":16,"minecraft:granite":13,"minecraft:bone_meal":2,"minecraft:golden_horse_armor":1,"minecraft:warped_roots":4,"minecraft:oak_sapling":23,"minecraft:netherrack":1,"minecraft:warped_nylium":1,"minecraft:bricks":1,"minecraft:coal":108,"minecraft:crimson_roots":1,"minecraft:ender_pearl":3},"minecraft:used":{"minecraft:oak_trapdoor":17,"minecraft:stone_sword":127,"minecraft:iron_shovel":221,"minecraft:flint_and_steel":13,"minecraft:chest":10,"minecraft:spruce_planks":7,"minecraft:shield":33,"minecraft:iron_sword":292,"minecraft:bell":2,"minecraft:netherrack":1,"minecraft:oak_door":2,"minecraft:torch":46,"minecraft:dirt":201,"minecraft:nether_bricks":1,"minecraft:carrot":95,"minecraft:tuff":14,"minecraft:obsidian":4,"minecraft:glass":74,"minecraft:spruce_boat":16,"minecraft:iron_hoe":14,"minecraft:oak_stairs":1,"minecraft:iron_axe":529,"minecraft:basalt":15,"minecraft:oak_sapling":22,"minecraft:furnace":10,"minecraft:cooked_beef":33,"minecraft:cobbled_deepslate":54,"minecraft:cooked_mutton":4,"minecraft:water_bucket":3,"minecraft:spruce_door":10,"minecraft:birch_planks":23,"minecraft:stone_pickaxe":131,"minecraft:oak_planks":276,"minecraft:wooden_pickaxe":15,"minecraft:composter":2,"minecraft:sugar_cane":34,"minecraft:fletching_table":10,"minecraft:sand":38,"minecraft:blast_furnace":1,"minecraft:oak_slab":46,"minecraft:crafting_table":14,"minecraft:white_bed":18,"minecraft:wooden_hoe":59,"minecraft:diamond_pickaxe":330,"minecraft:iron_pickaxe":322,"minecraft:deepslate":64,"minecraft:gravel":27,"minecraft:stone_axe":88,"minecraft:cobblestone":138,"minecraft:grindstone":1,"minecraft:cooked_porkchop":8,"minecraft:bucket":4,"minecraft:yellow_bed":6,"minecraft:oak_boat":10,"minecraft:stripped_oak_log":4,"minecraft:bone_meal":84,"minecraft:experience_bottle":136},"minecraft:dropped":{"minecraft:iron_ingot":29,"minecraft:iron_sword":2,"minecraft:oak_slab":1,"minecraft:crafting_table":2,"minecraft:granite":1,"minecraft:spruce_door":3,"minecraft:flint":1,"minecraft:oxeye_daisy":1,"minecraft:dirt":1,"minecraft:mutton":2,"minecraft:sand":3,"minecraft:string":5,"minecraft:white_wool":4,"minecraft:oak_trapdoor":2,"minecraft:stone_sword":1,"minecraft:cobbled_deepslate":2,"minecraft:tuff":4,"minecraft:beetroot":4,"minecraft:rotten_flesh":5,"minecraft:oak_planks":1,"minecraft:pumpkin_seeds":12,"minecraft:andesite":7,"minecraft:oak_sapling":1,"minecraft:spider_eye":1,"minecraft:wooden_pickaxe":1,"minecraft:basalt":8,"minecraft:arrow":2,"minecraft:stone_pickaxe":1,"minecraft:crying_obsidian":1},"minecraft:mined":{"minecraft:crying_obsidian":1,"minecraft:tuff":11,"minecraft:white_bed":19,"minecraft:farmland":1,"minecraft:mossy_cobblestone":3,"minecraft:mossy_stone_brick_slab":1,"minecraft:deepslate_diamond_ore":22,"minecraft:oak_door":12,"minecraft:cobblestone_stairs":3,"minecraft:brewing_stand":3,"minecraft:obsidian":18,"minecraft:glow_lichen":2,"minecraft:granite":1,"minecraft:grass_block":135,"minecraft:spruce_leaves":7,"minecraft:composter":1,"minecraft:oxeye_daisy":1,"minecraft:hay_block":1,"minecraft:smooth_stone":8,"minecraft:redstone_ore":1,"minecraft:oak_trapdoor":4,"minecraft:carrots":32,"minecraft:furnace":7,"minecraft:cobbled_deepslate":10,"minecraft:nether_sprouts":1,"minecraft:iron_ore":76,"minecraft:fire":19,"minecraft:andesite":7,"minecraft:deepslate_lapis_ore":11,"minecraft:fletching_table":7,"minecraft:gold_block":1,"minecraft:bell":3,"minecraft:potatoes":2,"minecraft:dirt_path":7,"minecraft:deepslate_iron_ore":35,"minecraft:rail":94,"minecraft:oak_stairs":1,"minecraft:stripped_oak_log":33,"minecraft:stone":85,"minecraft:deepslate_redstone_ore":4,"minecraft:oak_slab":22,"minecraft:glass_pane":2,"minecraft:blackstone":1,"minecraft:twisting_vines_plant":4,"minecraft:basalt":28,"minecraft:spruce_door":9,"minecraft:dandelion":1,"minecraft:oak_fence":2,"minecraft:crafting_table":12,"minecraft:short_grass":83,"minecraft:blast_furnace":1,"minecraft:warped_roots":4,"minecraft:chest":3,"minecraft:sculk_sensor":4,"minecraft:cobblestone":77,"minecraft:glass":1,"minecraft:tall_grass":11,"minecraft:deepslate_gold_ore":12,"minecraft:lapis_ore":8,"minecraft:oak_planks":43,"minecraft:sugar_cane":69,"minecraft:sculk":4,"minecraft:bricks":1,"minecraft:wall_torch":3,"minecraft:seagrass":1,"minecraft:white_terracotta":34,"minecraft:birch_planks":19,"minecraft:birch_log":6,"minecraft:wheat":12,"minecraft:spruce_log":12,"minecraft:birch_leaves":2,"minecraft:yellow_bed":6,"minecraft:coal_ore":67,"minecraft:oak_log":349,"minecraft:beetroots":2,"minecraft:gravel":36,"minecraft:sand":133,"minecraft:dirt":43,"minecraft:cobweb":21,"minecraft:stonecutter":2,"minecraft:netherrack":1,"minecraft:gold_ore":5,"minecraft:oak_leaves":46,"minecraft:deepslate":135},"minecraft:crafted":{"minecraft:grindstone":1,"minecraft:oak_planks":1452,"minecraft:furnace":4,"minecraft:blast_furnace":1,"minecraft:stone":7,"minecraft:bone_meal":82,"minecraft:cooked_mutton":2,"minecraft:oak_trapdoor":14,"minecraft:flint_and_steel":1,"minecraft:glass":75,"minecraft:iron_boots":1,"minecraft:iron_axe":10,"minecraft:iron_hoe":1,"minecraft:stone_pickaxe":1,"minecraft:chest":7,"minecraft:spruce_boat":1,"minecraft:cooked_beef":2,"minecraft:oak_slab":36,"minecraft:emerald":55,"minecraft:cooked_porkchop":9,"minecraft:crafting_table":4,"minecraft:spruce_planks":48,"minecraft:wooden_pickaxe":1,"minecraft:iron_helmet":1,"minecraft:iron_sword":3,"minecraft:spruce_door":3,"minecraft:fletching_table":3,"minecraft:birch_planks":24,"minecraft:bucket":1,"minecraft:stone_axe":1,"minecraft:air":0,"minecraft:oak_boat":1,"minecraft:wooden_hoe":1,"minecraft:iron_chestplate":1,"minecraft:diamond_pickaxe":1,"minecraft:shield":1,"minecraft:stick":2060,"minecraft:stone_slab":6,"minecraft:iron_ingot":125,"minecraft:iron_pickaxe":2,"minecraft:stone_sword":1,"minecraft:iron_shovel":1,"minecraft:iron_leggings":1,"minecraft:white_bed":1,"minecraft:composter":1,"minecraft:torch":36},"minecraft:killed":{"minecraft:cave_spider":2,"minecraft:spider":9,"minecraft:skeleton":18,"minecraft:chicken":1,"minecraft:magma_cube":12,"minecraft:pig":4,"minecraft:creeper":10,"minecraft:sheep":7,"minecraft:trader_llama":1,"minecraft:zombie":22,"minecraft:wither_skeleton":2,"minecraft:blaze":4,"minecraft:enderman":4,"minecraft:cow":13},"minecraft:custom":{"minecraft:mob_kills":115,"minecraft:interact_with_crafting_table":50,"minecraft:bell_ring":63,"minecraft:leave_game":7,"minecraft:time_since_death":191593,"minecraft:sprint_one_cm":478527,"minecraft:walk_one_cm":855742,"minecraft:damage_blocked_by_shield":1167,"minecraft:drop":46,"minecraft:talked_to_villager":52,"minecraft:play_time":286718,"minecraft:deaths":1,"minecraft:sneak_time":15650,"minecraft:walk_under_water_one_cm":21066,"minecraft:boat_one_cm":447579,"minecraft:jump":5518,"minecraft:walk_on_water_one_cm":45022,"minecraft:total_world_time":286718,"minecraft:interact_with_furnace":62,"minecraft:traded_with_villager":65,"minecraft:sleep_in_bed":10,"minecraft:time_since_rest":26991,"minecraft:damage_taken":3060,"minecraft:damage_dealt":18519,"minecraft:swim_one_cm":70833,"minecraft:fly_one_cm":1134381,"minecraft:open_chest":63,"minecraft:crouch_one_cm":41713,"minecraft:fall_one_cm":115194},"minecraft:broken":{"minecraft:stone_pickaxe":1,"minecraft:iron_axe":1,"minecraft:iron_pickaxe":1,"minecraft:wooden_hoe":1}},"DataVersion":3955}