{
  "mca:recipes/building_blocks/headstones": {
    "criteria": {
      "has_ingredients": "2024-06-23 03:08:26 +0000"
    },
    "done": true
  },
  "betterdungeons:root": {
    "criteria": {
      "always": "2024-06-23 02:23:50 +0000"
    },
    "done": true
  },
  "repurposed_structures:igloos": {
    "criteria": {
      "in_igloo_grassy": "2024-06-25 19:07:33 +0000"
    },
    "done": false
  },
  "blue_skies:thinking_with_portals": {
    "criteria": {
      "enter_everdawn": "2024-06-29 19:50:51 +0000"
    },
    "done": false
  },
  "repurposed_structures:pyramids": {
    "criteria": {
      "in_pyramid_badlands": "2024-06-23 03:02:03 +0000"
    },
    "done": false
  },
  "dungeons_arise:find_illager_fort": {
    "criteria": {
      "location0": "2024-06-29 19:19:47 +0000"
    },
    "done": true
  },
  "minecraft:adventure/kill_a_mob": {
    "criteria": {
      "minecraft:husk": "2024-06-23 03:02:27 +0000"
    },
    "done": true
  },
  "minecraft:husbandry/bred_all_animals": {
    "criteria": {
      "minecraft:cow": "2024-06-29 19:59:57 +0000"
    },
    "done": false
  },
  "biomemakeover:biomemakeover/root": {
    "criteria": {
      "enter_mushroom_fields": "2024-06-23 02:23:51 +0000",
      "enter_swamp": "2024-06-23 02:23:51 +0000",
      "enter_dark_forest": "2024-06-23 02:23:51 +0000",
      "enter_badlands": "2024-06-23 02:23:51 +0000"
    },
    "done": true
  },
  "repurposed_structures:villages": {
    "criteria": {
      "in_village_badlands": "2024-06-23 02:32:45 +0000"
    },
    "done": false
  },
  "byg:root": {
    "criteria": {
      "tick": "2024-06-23 02:23:50 +0000"
    },
    "done": true
  },
  "minecraft:story/obtain_armor": {
    "criteria": {
      "iron_boots": "2024-06-23 02:35:04 +0000"
    },
    "done": true
  },
  "byg:adventure/oh_the_biomes_youll_go": {
    "criteria": {
      "byg:dead_sea": "2024-06-25 18:46:57 +0000",
      "byg:atacama_desert": "2024-06-25 18:49:12 +0000",
      "byg:howling_peaks": "2024-06-29 17:51:02 +0000",
      "byg:canadian_shield": "2024-06-29 18:01:20 +0000",
      "byg:cardinal_tundra": "2024-06-29 17:47:46 +0000",
      "byg:lush_stacks": "2024-06-25 18:51:01 +0000",
      "byg:dacite_shore": "2024-06-29 17:51:19 +0000",
      "byg:windswept_desert": "2024-06-25 18:46:59 +0000"
    },
    "done": false
  },
  "mca:recipes/misc/needle_and_thread": {
    "criteria": {
      "has_item": "2024-06-23 02:35:06 +0000"
    },
    "done": true
  },
  "minecraft:adventure/ol_betsy": {
    "criteria": {
      "shot_crossbow": "2024-06-25 18:54:31 +0000"
    },
    "done": true
  },
  "biomesoplenty:biomesoplenty/all_biomes": {
    "criteria": {
      "muskeg": "2024-06-29 17:52:13 +0000",
      "lush_savanna": "2024-06-23 19:43:41 +0000",
      "cold_desert": "2024-06-27 00:46:45 +0000",
      "maple_woods": "2024-06-25 19:04:31 +0000",
      "mediterranean_forest": "2024-06-25 19:00:13 +0000",
      "spider_nest": "2024-06-23 03:22:45 +0000",
      "dryland": "2024-06-23 02:38:32 +0000",
      "lush_desert": "2024-06-23 03:17:10 +0000",
      "seasonal_forest": "2024-06-25 19:04:34 +0000",
      "fir_clearing": "2024-06-25 19:14:59 +0000",
      "snowy_coniferous_forest": "2024-06-29 18:14:39 +0000",
      "snowy_fir_clearing": "2024-06-29 18:07:54 +0000",
      "tundra": "2024-06-29 18:16:21 +0000"
    },
    "done": false
  },
  "minecraft:story/mine_stone": {
    "criteria": {
      "get_stone": "2024-06-23 03:08:26 +0000"
    },
    "done": true
  },
  "alexsmobs:alexsmobs/grizzly_bear": {
    "criteria": {
      "killed_by": "2024-06-25 19:02:49 +0000"
    },
    "done": true
  },
  "minecraft:adventure/adventuring_time": {
    "criteria": {
      "minecraft:snowy_slopes": "2024-06-29 18:02:17 +0000",
      "minecraft:eroded_badlands": "2024-06-24 18:00:47 +0000",
      "minecraft:frozen_river": "2024-06-29 00:29:48 +0000",
      "minecraft:badlands": "2024-06-23 02:23:51 +0000",
      "minecraft:beach": "2024-06-25 19:04:23 +0000",
      "minecraft:river": "2024-06-23 03:06:34 +0000",
      "minecraft:lukewarm_ocean": "2024-06-25 18:59:33 +0000",
      "minecraft:stony_shore": "2024-06-25 18:46:34 +0000",
      "minecraft:snowy_plains": "2024-06-29 00:30:12 +0000",
      "minecraft:snowy_taiga": "2024-06-29 17:52:57 +0000",
      "minecraft:dripstone_caves": "2024-06-29 20:01:40 +0000",
      "minecraft:grove": "2024-06-29 17:53:59 +0000",
      "minecraft:jagged_peaks": "2024-06-29 18:08:16 +0000",
      "minecraft:cold_ocean": "2024-06-25 19:04:27 +0000",
      "minecraft:forest": "2024-06-25 19:05:18 +0000",
      "minecraft:frozen_ocean": "2024-06-29 00:32:02 +0000",
      "minecraft:desert": "2024-06-24 18:02:54 +0000",
      "minecraft:ocean": "2024-06-25 19:03:22 +0000",
      "minecraft:snowy_beach": "2024-06-29 00:31:58 +0000",
      "minecraft:warm_ocean": "2024-06-25 18:46:42 +0000",
      "minecraft:plains": "2024-06-25 19:05:23 +0000"
    },
    "done": false
  },
  "byg:husbandry/root": {
    "criteria": {
      "consumed_item": "2024-06-23 02:38:18 +0000"
    },
    "done": true
  },
  "minecraft:adventure/sleep_in_bed": {
    "criteria": {
      "slept_in_bed": "2024-06-23 02:53:06 +0000"
    },
    "done": true
  },
  "minecraft:husbandry/root": {
    "criteria": {
      "consumed_item": "2024-06-23 02:38:18 +0000"
    },
    "done": true
  },
  "repurposed_structures:outposts": {
    "criteria": {
      "in_outpost_desert": "2024-06-25 18:43:38 +0000",
      "in_outpost_snowy": "2024-06-29 18:26:29 +0000"
    },
    "done": false
  },
  "alexsmobs:alexsmobs/tarantula_hawk": {
    "criteria": {
      "killed_by": "2024-06-25 18:28:30 +0000"
    },
    "done": true
  },
  "minecraft:nether/brew_potion": {
    "criteria": {
      "potion": "2024-06-29 17:55:55 +0000"
    },
    "done": true
  },
  "mca:recipes/misc/books": {
    "criteria": {
      "has_item": "2024-06-23 03:05:05 +0000"
    },
    "done": true
  },
  "minecraft:husbandry/plant_seed": {
    "criteria": {
      "wheat": "2024-06-23 02:35:45 +0000"
    },
    "done": true
  },
  "minecraft:adventure/root": {
    "criteria": {
      "killed_something": "2024-06-23 03:02:27 +0000"
    },
    "done": true
  },
  "repurposed_structures:mineshafts": {
    "criteria": {
      "in_mineshaft_dark_forest": "2024-06-23 19:42:48 +0000"
    },
    "done": false
  },
  "dungeons_arise:find_illager_corsair_or_illager_galley": {
    "criteria": {
      "location1": "2024-06-25 18:51:26 +0000"
    },
    "done": true
  },
  "minecraft:story/cure_zombie_villager": {
    "criteria": {
      "cured_zombie": "2024-06-29 17:59:29 +0000"
    },
    "done": true
  },
  "minecraft:story/deflect_arrow": {
    "criteria": {
      "deflected_projectile": "2024-06-23 03:07:18 +0000"
    },
    "done": true
  },
  "minecraft:adventure/shoot_arrow": {
    "criteria": {
      "shot_arrow": "2024-06-25 18:54:31 +0000"
    },
    "done": true
  },
  "blue_skies:everdawn/enter": {
    "criteria": {
      "enter_everdawn": "2024-06-29 19:50:51 +0000"
    },
    "done": true
  },
  "mca:friend": {
    "criteria": {
      "baby": "2024-06-23 02:53:50 +0000"
    },
    "done": true
  },
  "minecraft:adventure/kill_all_mobs": {
    "criteria": {
      "minecraft:pillager": "2024-06-25 18:44:00 +0000",
      "minecraft:skeleton": "2024-06-23 19:36:16 +0000",
      "minecraft:vindicator": "2024-06-25 18:54:09 +0000",
      "minecraft:spider": "2024-06-23 03:08:15 +0000",
      "minecraft:creeper": "2024-06-25 18:39:48 +0000",
      "minecraft:witch": "2024-06-29 20:22:57 +0000",
      "minecraft:husk": "2024-06-23 03:02:27 +0000",
      "minecraft:cave_spider": "2024-06-23 19:47:26 +0000",
      "minecraft:vex": "2024-06-29 19:41:47 +0000",
      "minecraft:zombie": "2024-06-23 03:06:10 +0000"
    },
    "done": false
  },
  "alexsmobs:alexsmobs/kangaroo": {
    "criteria": {
      "killed_by": "2024-06-25 18:26:21 +0000"
    },
    "done": true
  },
  "repurposed_structures:temples": {
    "criteria": {
      "in_temple_taiga": "2024-06-29 18:28:37 +0000"
    },
    "done": false
  },
  "dungeons_arise:wda_root": {
    "criteria": {
      "WDA": "2024-06-25 17:02:27 +0000"
    },
    "done": true
  },
  "minecraft:husbandry/breed_an_animal": {
    "criteria": {
      "bred": "2024-06-29 19:59:57 +0000"
    },
    "done": true
  },
  "minecraft:husbandry/balanced_diet": {
    "criteria": {
      "cooked_porkchop": "2024-06-29 18:47:36 +0000",
      "cooked_beef": "2024-06-29 20:27:54 +0000",
      "baked_potato": "2024-06-23 03:13:48 +0000",
      "porkchop": "2024-06-29 18:29:48 +0000",
      "apple": "2024-06-23 02:38:18 +0000",
      "potato": "2024-06-23 03:11:09 +0000",
      "pumpkin_pie": "2024-06-23 20:22:14 +0000",
      "bread": "2024-06-23 02:40:57 +0000",
      "golden_apple": "2024-06-29 20:21:56 +0000",
      "rotten_flesh": "2024-06-29 20:23:21 +0000",
      "melon_slice": "2024-06-25 17:53:58 +0000",
      "cooked_chicken": "2024-06-23 20:19:07 +0000",
      "carrot": "2024-06-29 20:18:29 +0000"
    },
    "done": false
  },
  "minecraft:adventure/trade": {
    "criteria": {
      "traded": "2024-06-23 02:56:24 +0000"
    },
    "done": true
  },
  "blue_skies:root": {
    "criteria": {
      "enter_everdawn": "2024-06-29 19:50:51 +0000"
    },
    "done": true
  },
  "mca:recipes/misc/comb": {
    "criteria": {
      "has_item": "2024-06-23 02:35:06 +0000"
    },
    "done": true
  },
  "mca:best_friend": {
    "criteria": {
      "baby": "2024-06-29 18:00:13 +0000"
    },
    "done": true
  },
  "mca:recipes/misc/family_tree": {
    "criteria": {
      "has_item": "2024-06-29 19:50:16 +0000"
    },
    "done": true
  },
  "mca:root": {
    "criteria": {
      "village_savanna": "2024-06-23 03:18:34 +0000"
    },
    "done": true
  },
  "biomesoplenty:biomesoplenty/root": {
    "criteria": {
      "dryland": "2024-06-23 02:38:32 +0000"
    },
    "done": true
  },
  "minecraft:adventure/voluntary_exile": {
    "criteria": {
      "voluntary_exile": "2024-06-25 18:44:00 +0000"
    },
    "done": true
  },
  "mca:recipes/misc/bouquet": {
    "criteria": {
      "has_item": "2024-06-25 18:47:42 +0000"
    },
    "done": true
  },
  "minecraft:story/iron_tools": {
    "criteria": {
      "iron_pickaxe": "2024-06-23 02:35:07 +0000"
    },
    "done": true
  },
  "minecraft:story/mine_diamond": {
    "criteria": {
      "diamond": "2024-06-23 02:49:33 +0000"
    },
    "done": true
  },
  "alexsmobs:alexsmobs/rattlesnake": {
    "criteria": {
      "killed_by": "2024-06-23 03:11:01 +0000"
    },
    "done": true
  },
  "mca:recipes/misc/blueprint": {
    "criteria": {
      "has_item": "2024-06-23 03:05:05 +0000"
    },
    "done": true
  },
  "alexsmobs:alexsmobs/root": {
    "criteria": {
      "useitem": "2024-06-23 02:46:56 +0000"
    },
    "done": true
  },
  "minecraft:story/root": {
    "criteria": {
      "crafting_table": "2024-06-23 02:40:36 +0000"
    },
    "done": true
  },
  "minecraft:adventure/totem_of_undying": {
    "criteria": {
      "used_totem": "2024-06-29 20:18:20 +0000"
    },
    "done": true
  },
  "mca:recipes/misc/whistle": {
    "criteria": {
      "has_item": "2024-06-23 02:35:06 +0000"
    },
    "done": true
  },
  "minecraft:story/smelt_iron": {
    "criteria": {
      "iron": "2024-06-23 02:35:06 +0000"
    },
    "done": true
  },
  "biomemakeover:biomemakeover/ghost_town": {
    "criteria": {
      "ghost_town": "2024-06-23 03:04:07 +0000"
    },
    "done": true
  },
  "mca:recipes/misc/rose_gold_dust": {
    "criteria": {
      "has_item": "2024-06-23 03:06:54 +0000"
    },
    "done": true
  },
  "travelersbackpack:standard_from_custom": {
    "criteria": {
      "has_the_recipe": "2024-06-25 17:44:59 +0000"
    },
    "done": true
  },
  "repurposed_structures:root": {
    "criteria": {
      "always": "2024-06-23 02:23:50 +0000"
    },
    "done": true
  },
  "minecraft:husbandry/tame_an_animal": {
    "criteria": {
      "tamed_animal": "2024-06-29 18:25:32 +0000"
    },
    "done": true
  },
  "DataVersion": 3120
}