{
  "mca:recipes/building_blocks/headstones": {
    "criteria": {
      "has_ingredients": "2024-06-23 03:02:39 +0000"
    },
    "done": true
  },
  "betterdungeons:root": {
    "criteria": {
      "always": "2024-06-23 02:43:33 +0000"
    },
    "done": true
  },
  "alexsmobs:alexsmobs/emu": {
    "criteria": {
      "killed_by": "2024-06-23 02:58:02 +0000"
    },
    "done": true
  },
  "repurposed_structures:igloos": {
    "criteria": {
      "in_igloo_grassy": "2024-06-25 19:13:12 +0000"
    },
    "done": false
  },
  "repurposed_structures:pyramids": {
    "criteria": {
      "in_pyramid_badlands": "2024-06-23 03:02:06 +0000"
    },
    "done": false
  },
  "minecraft:adventure/kill_a_mob": {
    "criteria": {
      "minecraft:zombie": "2024-06-23 03:06:49 +0000"
    },
    "done": true
  },
  "alexsmobs:alexsmobs/seagull_steal": {
    "criteria": {
      "ex": "2024-06-23 19:19:29 +0000"
    },
    "done": true
  },
  "biomemakeover:biomemakeover/root": {
    "criteria": {
      "enter_mushroom_fields": "2024-06-23 02:43:35 +0000",
      "enter_swamp": "2024-06-23 02:43:35 +0000",
      "enter_dark_forest": "2024-06-23 02:43:35 +0000",
      "enter_badlands": "2024-06-23 02:43:35 +0000"
    },
    "done": true
  },
  "repurposed_structures:villages": {
    "criteria": {
      "in_village_badlands": "2024-06-23 02:48:27 +0000"
    },
    "done": false
  },
  "byg:root": {
    "criteria": {
      "tick": "2024-06-23 02:43:33 +0000"
    },
    "done": true
  },
  "minecraft:story/obtain_armor": {
    "criteria": {
      "iron_helmet": "2024-06-23 02:47:56 +0000"
    },
    "done": true
  },
  "byg:adventure/oh_the_biomes_youll_go": {
    "criteria": {
      "byg:dead_sea": "2024-06-25 18:46:58 +0000",
      "byg:howling_peaks": "2024-06-29 17:51:01 +0000",
      "byg:canadian_shield": "2024-06-29 17:53:58 +0000",
      "byg:cardinal_tundra": "2024-06-29 17:47:45 +0000",
      "byg:lush_stacks": "2024-06-25 18:51:02 +0000",
      "byg:dacite_shore": "2024-06-29 17:51:20 +0000",
      "byg:windswept_desert": "2024-06-25 18:46:57 +0000"
    },
    "done": false
  },
  "mca:recipes/misc/needle_and_thread": {
    "criteria": {
      "has_item": "2024-06-23 02:49:24 +0000"
    },
    "done": true
  },
  "minecraft:adventure/ol_betsy": {
    "criteria": {
      "shot_crossbow": "2024-06-25 18:33:46 +0000"
    },
    "done": true
  },
  "minecraft:story/mine_stone": {
    "criteria": {
      "get_stone": "2024-06-23 03:02:39 +0000"
    },
    "done": true
  },
  "biomesoplenty:biomesoplenty/all_biomes": {
    "criteria": {
      "muskeg": "2024-06-29 17:52:13 +0000",
      "cold_desert": "2024-06-25 19:15:28 +0000",
      "maple_woods": "2024-06-25 19:04:30 +0000",
      "mediterranean_forest": "2024-06-25 19:00:14 +0000",
      "spider_nest": "2024-06-23 19:46:11 +0000",
      "dryland": "2024-06-23 03:16:22 +0000",
      "wasteland": "2024-06-23 19:43:19 +0000",
      "lush_desert": "2024-06-23 03:17:55 +0000",
      "seasonal_forest": "2024-06-25 19:04:35 +0000",
      "fir_clearing": "2024-06-25 19:15:00 +0000",
      "snowy_fir_clearing": "2024-06-29 18:08:12 +0000"
    },
    "done": false
  },
  "alexsmobs:alexsmobs/grizzly_bear": {
    "criteria": {
      "killed_by": "2024-06-25 19:02:35 +0000"
    },
    "done": true
  },
  "minecraft:adventure/adventuring_time": {
    "criteria": {
      "minecraft:snowy_slopes": "2024-06-29 18:02:44 +0000",
      "minecraft:eroded_badlands": "2024-06-25 18:27:33 +0000",
      "minecraft:frozen_river": "2024-06-29 17:52:23 +0000",
      "minecraft:badlands": "2024-06-23 02:43:35 +0000",
      "minecraft:beach": "2024-06-25 19:04:24 +0000",
      "minecraft:river": "2024-06-23 03:06:37 +0000",
      "minecraft:lukewarm_ocean": "2024-06-25 18:59:33 +0000",
      "minecraft:stony_shore": "2024-06-25 18:46:35 +0000",
      "minecraft:snowy_taiga": "2024-06-29 17:52:52 +0000",
      "minecraft:grove": "2024-06-29 17:53:16 +0000",
      "minecraft:jagged_peaks": "2024-06-29 18:08:27 +0000",
      "minecraft:cold_ocean": "2024-06-25 19:04:28 +0000",
      "minecraft:forest": "2024-06-25 19:05:29 +0000",
      "minecraft:frozen_ocean": "2024-06-29 17:41:45 +0000",
      "minecraft:desert": "2024-06-25 18:30:03 +0000",
      "minecraft:ocean": "2024-06-25 19:03:23 +0000",
      "minecraft:warm_ocean": "2024-06-25 18:46:42 +0000",
      "minecraft:deep_dark": "2024-06-24 20:06:19 +0000",
      "minecraft:plains": "2024-06-25 19:05:32 +0000"
    },
    "done": false
  },
  "byg:husbandry/root": {
    "criteria": {
      "consumed_item": "2024-06-23 02:46:54 +0000"
    },
    "done": true
  },
  "minecraft:adventure/sleep_in_bed": {
    "criteria": {
      "slept_in_bed": "2024-06-23 02:52:24 +0000"
    },
    "done": true
  },
  "minecraft:story/lava_bucket": {
    "criteria": {
      "lava_bucket": "2024-06-24 19:36:21 +0000"
    },
    "done": true
  },
  "minecraft:husbandry/root": {
    "criteria": {
      "consumed_item": "2024-06-23 02:46:54 +0000"
    },
    "done": true
  },
  "repurposed_structures:outposts": {
    "criteria": {
      "in_outpost_desert": "2024-06-25 18:43:39 +0000"
    },
    "done": false
  },
  "alexsmobs:alexsmobs/tarantula_hawk": {
    "criteria": {
      "killed_by": "2024-06-25 18:28:25 +0000"
    },
    "done": true
  },
  "mca:recipes/misc/books": {
    "criteria": {
      "has_item": "2024-06-23 03:04:05 +0000"
    },
    "done": true
  },
  "alexsmobs:alexsmobs/guster": {
    "criteria": {
      "killed_by": "2024-06-23 20:19:08 +0000"
    },
    "done": true
  },
  "minecraft:adventure/root": {
    "criteria": {
      "killed_something": "2024-06-23 02:49:51 +0000"
    },
    "done": true
  },
  "minecraft:husbandry/plant_seed": {
    "criteria": {
      "wheat": "2024-06-23 19:41:21 +0000"
    },
    "done": true
  },
  "repurposed_structures:mineshafts": {
    "criteria": {
      "in_mineshaft_dark_forest": "2024-06-23 19:46:04 +0000"
    },
    "done": false
  },
  "dungeons_arise:find_illager_corsair_or_illager_galley": {
    "criteria": {
      "location1": "2024-06-25 18:51:26 +0000"
    },
    "done": true
  },
  "mca:recipes/misc/staff_of_life": {
    "criteria": {
      "has_item": "2024-06-24 20:11:57 +0000"
    },
    "done": true
  },
  "biomemakeover:biomemakeover/scuttler_tail": {
    "criteria": {
      "get_stew": "2024-06-23 03:12:20 +0000"
    },
    "done": true
  },
  "minecraft:story/deflect_arrow": {
    "criteria": {
      "deflected_projectile": "2024-06-23 03:19:23 +0000"
    },
    "done": true
  },
  "minecraft:adventure/shoot_arrow": {
    "criteria": {
      "shot_arrow": "2024-06-24 19:55:30 +0000"
    },
    "done": true
  },
  "deeperdarker:main/root": {
    "criteria": {
      "deep_dark": "2024-06-24 20:06:19 +0000"
    },
    "done": true
  },
  "minecraft:adventure/kill_all_mobs": {
    "criteria": {
      "minecraft:pillager": "2024-06-25 18:43:59 +0000",
      "minecraft:skeleton": "2024-06-23 03:07:23 +0000",
      "minecraft:vindicator": "2024-06-25 18:54:50 +0000",
      "minecraft:spider": "2024-06-23 18:52:36 +0000",
      "minecraft:creeper": "2024-06-25 19:01:02 +0000",
      "minecraft:husk": "2024-06-25 18:38:02 +0000",
      "minecraft:cave_spider": "2024-06-23 19:46:57 +0000",
      "minecraft:zombie": "2024-06-23 03:06:49 +0000"
    },
    "done": false
  },
  "alexsmobs:alexsmobs/kangaroo": {
    "criteria": {
      "killed_by": "2024-06-23 19:42:39 +0000"
    },
    "done": true
  },
  "dungeons_arise:wda_root": {
    "criteria": {
      "WDA": "2024-06-25 17:24:01 +0000"
    },
    "done": true
  },
  "minecraft:husbandry/balanced_diet": {
    "criteria": {
      "baked_potato": "2024-06-25 19:13:03 +0000",
      "apple": "2024-06-23 03:03:26 +0000",
      "pumpkin_pie": "2024-06-25 18:41:52 +0000",
      "bread": "2024-06-23 02:53:21 +0000",
      "melon_slice": "2024-06-23 19:38:29 +0000",
      "carrot": "2024-06-25 18:40:43 +0000"
    },
    "done": false
  },
  "minecraft:adventure/trade": {
    "criteria": {
      "traded": "2024-06-25 19:07:25 +0000"
    },
    "done": true
  },
  "mca:recipes/misc/comb": {
    "criteria": {
      "has_item": "2024-06-23 02:49:24 +0000"
    },
    "done": true
  },
  "mca:recipes/misc/family_tree": {
    "criteria": {
      "has_item": "2024-06-23 02:54:33 +0000"
    },
    "done": true
  },
  "mca:root": {
    "criteria": {
      "village_savanna": "2024-06-23 03:20:17 +0000"
    },
    "done": true
  },
  "biomesoplenty:biomesoplenty/root": {
    "criteria": {
      "dryland": "2024-06-23 03:16:22 +0000"
    },
    "done": true
  },
  "minecraft:adventure/voluntary_exile": {
    "criteria": {
      "voluntary_exile": "2024-06-25 19:11:52 +0000"
    },
    "done": true
  },
  "mca:recipes/misc/bouquet": {
    "criteria": {
      "has_item": "2024-06-25 18:47:48 +0000"
    },
    "done": true
  },
  "minecraft:story/iron_tools": {
    "criteria": {
      "iron_pickaxe": "2024-06-23 02:47:56 +0000"
    },
    "done": true
  },
  "minecraft:story/mine_diamond": {
    "criteria": {
      "diamond": "2024-06-23 02:49:24 +0000"
    },
    "done": true
  },
  "alexsmobs:alexsmobs/rattlesnake": {
    "criteria": {
      "killed_by": "2024-06-23 20:18:59 +0000"
    },
    "done": true
  },
  "minecraft:story/upgrade_tools": {
    "criteria": {
      "stone_pickaxe": "2024-06-23 20:32:10 +0000"
    },
    "done": true
  },
  "mca:recipes/misc/blueprint": {
    "criteria": {
      "has_item": "2024-06-23 03:04:05 +0000"
    },
    "done": true
  },
  "alexsmobs:alexsmobs/root": {
    "criteria": {
      "useitem": "2024-06-23 02:46:54 +0000"
    },
    "done": true
  },
  "minecraft:story/root": {
    "criteria": {
      "crafting_table": "2024-06-23 03:13:50 +0000"
    },
    "done": true
  },
  "mca:recipes/misc/whistle": {
    "criteria": {
      "has_item": "2024-06-23 02:49:24 +0000"
    },
    "done": true
  },
  "minecraft:story/smelt_iron": {
    "criteria": {
      "iron": "2024-06-23 02:49:24 +0000"
    },
    "done": true
  },
  "biomemakeover:biomemakeover/ghost_town": {
    "criteria": {
      "ghost_town": "2024-06-23 03:03:58 +0000"
    },
    "done": true
  },
  "mca:recipes/misc/rose_gold_dust": {
    "criteria": {
      "has_item": "2024-06-23 03:07:06 +0000"
    },
    "done": true
  },
  "travelersbackpack:standard_from_custom": {
    "criteria": {
      "has_the_recipe": "2024-06-25 17:46:56 +0000"
    },
    "done": true
  },
  "repurposed_structures:root": {
    "criteria": {
      "always": "2024-06-23 02:43:33 +0000"
    },
    "done": true
  },
  "DataVersion": 3120
}